{
  "__type__": "cc.SpriteAtlas",
  "_name": "avatars.plist",
  "_objFlags": 0,
  "_native": "",
  "_spriteFrames": {
    "GT": {
      "__uuid__": "750f4b69-9eb6-4321-9c26-578270a81530"
    },
    "a (1)": {
      "__uuid__": "0c8df232-72fe-44b8-9b30-e1ccc292d29e"
    },
    "a (10)": {
      "__uuid__": "5fe562b0-fde1-40e3-9508-afa659544b78"
    },
    "a (2)": {
      "__uuid__": "7848dfef-5c60-49f6-9ec2-5fd418f97410"
    },
    "a (3)": {
      "__uuid__": "bc4d6770-05da-408e-98ad-ea531104d5df"
    },
    "a (4)": {
      "__uuid__": "538ffcab-c23f-4ddb-9043-0848cde8ac5d"
    },
    "a (5)": {
      "__uuid__": "f76c2cb8-c638-467d-8437-a61318815c67"
    },
    "a (6)": {
      "__uuid__": "572bfb6e-b0e2-4da8-9cc9-a292a0268360"
    },
    "a (7)": {
      "__uuid__": "7c72c6a9-f155-46f2-968a-a88bf184919a"
    },
    "a (8)": {
      "__uuid__": "ad33e280-295a-46fb-b7af-f7431020ae89"
    },
    "a (9)": {
      "__uuid__": "d26046e0-a799-49a5-8dd7-733ab466dc4f"
    }
  }
}