{
  "__type__": "cc.EffectAsset",
  "_name": "OT",
  "_objFlags": 0,
  "_native": "",
  "properties": null,
  "techniques": [
    {
      "passes": [
        {
          "blendState": {
            "targets": [
              {
                "blend": true
              }
            ]
          },
          "rasterizerState": {
            "cullMode": 0
          },
          "properties": {
            "texture": {
              "value": "white",
              "type": 29
            },
            "color": {
              "value": [
                1,
                1,
                1,
                1
              ],
              "type": 16
            },
            "width": {
              "value": [
                0.08
              ],
              "type": 13
            },
            "factor": {
              "value": [
                0.6
              ],
              "type": 13
            }
          },
          "program": "OT|vs|fs"
        }
      ]
    }
  ],
  "shaders": [
    {
      "hash": 2573699752,
      "glsl3": {
        "vert": "\n precision highp float;\nuniform CCGlobal {\n  mat4 cc_matView;\n  mat4 cc_matViewInv;\n  mat4 cc_matProj;\n  mat4 cc_matProjInv;\n  mat4 cc_matViewProj;\n  mat4 cc_matViewProjInv;\n  vec4 cc_cameraPos;\n  vec4 cc_time;\n  mediump vec4 cc_screenSize;\n  mediump vec4 cc_screenScale;\n};\nuniform CCLocal {\n  mat4 cc_matWorld;\n  mat4 cc_matWorldIT;\n};\n#if USE_TEXTURE\n   attribute mediump vec2 a_uv0;\n   varying mediump vec2 v_uv0;\n #endif\n attribute vec3 a_position;\n attribute lowp vec4 a_color;\n varying lowp vec4 v_color;\n void main () {\n    vec4 pos = cc_matViewProj * vec4(a_position, 1);\n     gl_Position = pos;\n     v_uv0 = a_uv0;\n }",
        "frag": "\n  precision highp float;\n#if USE_ALPHA_TEST\n  uniform ALPHA_TEST {\n    float alphaThreshold;\n  };\n#endif\n#if USE_TEXTURE\n  uniform sampler2D texture;\n  varying mediump vec2 v_uv0;\n#endif\nvarying lowp vec4 v_color;\nuniform PROPERTIES{\n  vec4 color;\n  float time;\n  float width;\n  float factor;\n};\n    void main()\n    {\n        vec4 texColor = texture2D(texture, v_uv0);\n        float distance = abs(v_uv0[0]+v_uv0[1]-tan(time))/1.414;\n        distance = 1.0-(1.0/width)*distance;\n        distance = max(distance, 0.0);\n        vec4 sample = vec4(0.0,0.0,0.0,0.0);\n        sample[0] = color[0] * distance;\n        sample[1] = color[1] * distance;\n        sample[2] = color[2] * distance;\n        sample[3] = distance;\n        float alpha = sample[3]*texColor[3];\n        texColor[0] = texColor[0] + sample[0]*alpha*factor;\n        texColor[1] = texColor[1] + sample[1]*alpha*factor;\n        texColor[2] = texColor[2] + sample[2]*alpha*factor;\n        gl_FragColor = texColor;\n    }"
      },
      "glsl1": {
        "vert": "\n precision highp float;\nuniform mat4 cc_matViewProj;\n#if USE_TEXTURE\n   attribute mediump vec2 a_uv0;\n   varying mediump vec2 v_uv0;\n #endif\n attribute vec3 a_position;\n attribute lowp vec4 a_color;\n varying lowp vec4 v_color;\n void main () {\n    vec4 pos = cc_matViewProj * vec4(a_position, 1);\n     gl_Position = pos;\n     v_uv0 = a_uv0;\n }",
        "frag": "\n  precision highp float;\n#if USE_ALPHA_TEST\n#endif\n#if USE_TEXTURE\n  uniform sampler2D texture;\n  varying mediump vec2 v_uv0;\n#endif\nvarying lowp vec4 v_color;\nuniform vec4 color;\nuniform float time;\nuniform float width;\nuniform float factor;\n    void main()\n    {\n        vec4 texColor = texture2D(texture, v_uv0);\n        float distance = abs(v_uv0[0]+v_uv0[1]-tan(time))/1.414;\n        distance = 1.0-(1.0/width)*distance;\n        distance = max(distance, 0.0);\n        vec4 sample = vec4(0.0,0.0,0.0,0.0);\n        sample[0] = color[0] * distance;\n        sample[1] = color[1] * distance;\n        sample[2] = color[2] * distance;\n        sample[3] = distance;\n        float alpha = sample[3]*texColor[3];\n        texColor[0] = texColor[0] + sample[0]*alpha*factor;\n        texColor[1] = texColor[1] + sample[1]*alpha*factor;\n        texColor[2] = texColor[2] + sample[2]*alpha*factor;\n        gl_FragColor = texColor;\n    }"
      },
      "builtins": {
        "globals": {
          "blocks": [
            {
              "name": "CCGlobal",
              "defines": []
            }
          ],
          "samplers": []
        },
        "locals": {
          "blocks": [
            {
              "name": "CCLocal",
              "defines": []
            }
          ],
          "samplers": []
        }
      },
      "defines": [
        {
          "name": "USE_TEXTURE",
          "type": "boolean",
          "defines": []
        },
        {
          "name": "USE_ALPHA_TEST",
          "type": "boolean",
          "defines": []
        }
      ],
      "blocks": [
        {
          "name": "ALPHA_TEST",
          "members": [
            {
              "name": "alphaThreshold",
              "type": 13,
              "count": 1
            }
          ],
          "defines": [
            "USE_ALPHA_TEST"
          ],
          "binding": 0
        },
        {
          "name": "PROPERTIES",
          "members": [
            {
              "name": "color",
              "type": 16,
              "count": 1
            },
            {
              "name": "time",
              "type": 13,
              "count": 1
            },
            {
              "name": "width",
              "type": 13,
              "count": 1
            },
            {
              "name": "factor",
              "type": 13,
              "count": 1
            }
          ],
          "defines": [],
          "binding": 1
        }
      ],
      "samplers": [
        {
          "name": "texture",
          "type": 29,
          "count": 1,
          "defines": [
            "USE_TEXTURE"
          ],
          "binding": 30
        }
      ],
      "record": null,
      "name": "OT|vs|fs"
    }
  ]
}