[
  {
    "__type__": "cc.Prefab",
    "_name": "btnQuit",
    "_objFlags": 0,
    "_native": "",
    "data": {
      "__id__": 1
    },
    "optimizationPolicy": 0,
    "asyncLoadAssets": false,
    "readonly": false
  },
  {
    "__type__": "cc.Node",
    "_name": "btnQuit",
    "_objFlags": 0,
    "_parent": null,
    "_children": [
      {
        "__id__": 2
      }
    ],
    "_active": true,
    "_components": [
      {
        "__id__": 9
      },
      {
        "__id__": 10
      }
    ],
    "_prefab": {
      "__id__": 11
    },
    "_opacity": 255,
    "_color": {
      "__type__": "cc.Color",
      "r": 255,
      "g": 255,
      "b": 255,
      "a": 255
    },
    "_contentSize": {
      "__type__": "cc.Size",
      "width": 150,
      "height": 40
    },
    "_anchorPoint": {
      "__type__": "cc.Vec2",
      "x": 0.5,
      "y": 0.5
    },
    "_trs": {
      "__type__": "TypedArray",
      "ctor": "Float64Array",
      "array": [
        169.017,
        493.758,
        0,
        0,
        0,
        0,
        1,
        1,
        1,
        1
      ]
    },
    "_eulerAngles": {
      "__type__": "cc.Vec3",
      "x": 0,
      "y": 0,
      "z": 0
    },
    "_skewX": 0,
    "_skewY": 0,
    "_is3DNode": false,
    "_groupIndex": 0,
    "groupIndex": 0,
    "_id": ""
  },
  {
    "__type__": "cc.Node",
    "_name": "Background",
    "_objFlags": 512,
    "_parent": {
      "__id__": 1
    },
    "_children": [
      {
        "__id__": 3
      }
    ],
    "_active": true,
    "_components": [
      {
        "__id__": 6
      },
      {
        "__id__": 7
      }
    ],
    "_prefab": {
      "__id__": 8
    },
    "_opacity": 255,
    "_color": {
      "__type__": "cc.Color",
      "r": 255,
      "g": 255,
      "b": 255,
      "a": 255
    },
    "_contentSize": {
      "__type__": "cc.Size",
      "width": 150,
      "height": 40
    },
    "_anchorPoint": {
      "__type__": "cc.Vec2",
      "x": 0.5,
      "y": 0.5
    },
    "_trs": {
      "__type__": "TypedArray",
      "ctor": "Float64Array",
      "array": [
        0,
        0,
        0,
        0,
        0,
        0,
        1,
        1,
        1,
        0
      ]
    },
    "_eulerAngles": {
      "__type__": "cc.Vec3",
      "x": 0,
      "y": 0,
      "z": 0
    },
    "_skewX": 0,
    "_skewY": 0,
    "_is3DNode": false,
    "_groupIndex": 0,
    "groupIndex": 0,
    "_id": ""
  },
  {
    "__type__": "cc.Node",
    "_name": "Label",
    "_objFlags": 512,
    "_parent": {
      "__id__": 2
    },
    "_children": [],
    "_active": true,
    "_components": [
      {
        "__id__": 4
      }
    ],
    "_prefab": {
      "__id__": 5
    },
    "_opacity": 255,
    "_color": {
      "__type__": "cc.Color",
      "r": 0,
      "g": 0,
      "b": 0,
      "a": 255
    },
    "_contentSize": {
      "__type__": "cc.Size",
      "width": 100,
      "height": 40
    },
    "_anchorPoint": {
      "__type__": "cc.Vec2",
      "x": 0.5,
      "y": 0.5
    },
    "_trs": {
      "__type__": "TypedArray",
      "ctor": "Float64Array",
      "array": [
        0,
        0,
        0,
        0,
        0,
        0,
        1,
        1,
        1,
        1
      ]
    },
    "_eulerAngles": {
      "__type__": "cc.Vec3",
      "x": 0,
      "y": 0,
      "z": 0
    },
    "_skewX": 0,
    "_skewY": 0,
    "_is3DNode": false,
    "_groupIndex": 0,
    "groupIndex": 0,
    "_id": ""
  },
  {
    "__type__": "cc.Label",
    "_name": "",
    "_objFlags": 0,
    "node": {
      "__id__": 3
    },
    "_enabled": true,
    "_materials": [
      {
        "__uuid__": "eca5d2f2-8ef6-41c2-bbe6-f9c79d09c432"
      }
    ],
    "_srcBlendFactor": 770,
    "_dstBlendFactor": 771,
    "_useOriginalSize": false,
    "_string": "",
    "_N$string": "",
    "_fontSize": 20,
    "_lineHeight": 40,
    "_enableWrapText": false,
    "_N$file": null,
    "_isSystemFontUsed": true,
    "_spacingX": 0,
    "_batchAsBitmap": false,
    "_styleFlags": 0,
    "_underlineHeight": 0,
    "_N$horizontalAlign": 1,
    "_N$verticalAlign": 1,
    "_N$fontFamily": "Arial",
    "_N$overflow": 1,
    "_N$cacheMode": 1,
    "_id": ""
  },
  {
    "__type__": "cc.PrefabInfo",
    "root": {
      "__id__": 1
    },
    "asset": {
      "__id__": 0
    },
    "fileId": "f2UpzTBw1F0ateQZp9wAHp",
    "sync": false
  },
  {
    "__type__": "cc.Sprite",
    "_name": "",
    "_objFlags": 0,
    "node": {
      "__id__": 2
    },
    "_enabled": true,
    "_materials": [
      {
        "__uuid__": "eca5d2f2-8ef6-41c2-bbe6-f9c79d09c432"
      }
    ],
    "_srcBlendFactor": 770,
    "_dstBlendFactor": 771,
    "_spriteFrame": {
      "__uuid__": "6b6eb7f8-1b95-480f-9bb7-9e6097d8a9e9"
    },
    "_type": 1,
    "_sizeMode": 0,
    "_fillType": 0,
    "_fillCenter": {
      "__type__": "cc.Vec2",
      "x": 0,
      "y": 0
    },
    "_fillStart": 0,
    "_fillRange": 0,
    "_isTrimmedMode": true,
    "_atlas": null,
    "_id": ""
  },
  {
    "__type__": "cc.Widget",
    "_name": "",
    "_objFlags": 0,
    "node": {
      "__id__": 2
    },
    "_enabled": true,
    "alignMode": 0,
    "_target": null,
    "_alignFlags": 45,
    "_left": 0,
    "_right": 0,
    "_top": 0,
    "_bottom": 0,
    "_verticalCenter": 0,
    "_horizontalCenter": 0,
    "_isAbsLeft": true,
    "_isAbsRight": true,
    "_isAbsTop": true,
    "_isAbsBottom": true,
    "_isAbsHorizontalCenter": true,
    "_isAbsVerticalCenter": true,
    "_originalWidth": 100,
    "_originalHeight": 40,
    "_id": ""
  },
  {
    "__type__": "cc.PrefabInfo",
    "root": {
      "__id__": 1
    },
    "asset": {
      "__id__": 0
    },
    "fileId": "94U2qJRW5F5J6PizBxfR+W",
    "sync": false
  },
  {
    "__type__": "cc.Button",
    "_name": "",
    "_objFlags": 0,
    "node": {
      "__id__": 1
    },
    "_enabled": true,
    "_normalMaterial": null,
    "_grayMaterial": null,
    "duration": 0.1,
    "zoomScale": 1.2,
    "clickEvents": [],
    "_N$interactable": true,
    "_N$enableAutoGrayEffect": false,
    "_N$transition": 3,
    "transition": 3,
    "_N$normalColor": {
      "__type__": "cc.Color",
      "r": 230,
      "g": 230,
      "b": 230,
      "a": 255
    },
    "_N$pressedColor": {
      "__type__": "cc.Color",
      "r": 200,
      "g": 200,
      "b": 200,
      "a": 255
    },
    "pressedColor": {
      "__type__": "cc.Color",
      "r": 200,
      "g": 200,
      "b": 200,
      "a": 255
    },
    "_N$hoverColor": {
      "__type__": "cc.Color",
      "r": 255,
      "g": 255,
      "b": 255,
      "a": 255
    },
    "hoverColor": {
      "__type__": "cc.Color",
      "r": 255,
      "g": 255,
      "b": 255,
      "a": 255
    },
    "_N$disabledColor": {
      "__type__": "cc.Color",
      "r": 120,
      "g": 120,
      "b": 120,
      "a": 200
    },
    "_N$normalSprite": {
      "__uuid__": "6b6eb7f8-1b95-480f-9bb7-9e6097d8a9e9"
    },
    "_N$pressedSprite": {
      "__uuid__": "e9ec654c-97a2-4787-9325-e6a10375219a"
    },
    "pressedSprite": {
      "__uuid__": "e9ec654c-97a2-4787-9325-e6a10375219a"
    },
    "_N$hoverSprite": {
      "__uuid__": "f0048c10-f03e-4c97-b9d3-3506e1d58952"
    },
    "hoverSprite": {
      "__uuid__": "f0048c10-f03e-4c97-b9d3-3506e1d58952"
    },
    "_N$disabledSprite": {
      "__uuid__": "29158224-f8dd-4661-a796-1ffab537140e"
    },
    "_N$target": {
      "__id__": 2
    },
    "_id": ""
  },
  {
    "__type__": "58a22OqN5RI3plga6Z+CurZ",
    "_name": "",
    "_objFlags": 0,
    "node": {
      "__id__": 1
    },
    "_enabled": true,
    "sceneName": "SceneWelcome",
    "_id": ""
  },
  {
    "__type__": "cc.PrefabInfo",
    "root": {
      "__id__": 1
    },
    "asset": {
      "__id__": 0
    },
    "fileId": "ce0M6as4lBA7QtDRVjuTPC",
    "sync": false
  }
]