[
  {
    "__type__": "cc.SceneAsset",
    "_name": "SceneSpiralZoom",
    "_objFlags": 0,
    "_native": "",
    "scene": {
      "__id__": 1
    },
    "asyncLoadAssets": false
  },
  {
    "__type__": "cc.Scene",
    "_objFlags": 0,
    "_parent": null,
    "_children": [
      {
        "__id__": 2
      }
    ],
    "_active": true,
    "_components": [],
    "_prefab": null,
    "_opacity": 255,
    "_color": {
      "__type__": "cc.Color",
      "r": 255,
      "g": 255,
      "b": 255,
      "a": 255
    },
    "_contentSize": {
      "__type__": "cc.Size",
      "width": 0,
      "height": 0
    },
    "_anchorPoint": {
      "__type__": "cc.Vec2",
      "x": 0,
      "y": 0
    },
    "_trs": {
      "__type__": "TypedArray",
      "ctor": "Float64Array",
      "array": [
        0,
        0,
        0,
        0,
        0,
        0,
        1,
        1,
        1,
        1
      ]
    },
    "_is3DNode": true,
    "_groupIndex": 0,
    "groupIndex": 0,
    "autoReleaseAssets": true,
    "_id": "ce5e5847-a144-4f4c-a0c2-87bbe147904a"
  },
  {
    "__type__": "cc.Node",
    "_name": "Canvas",
    "_objFlags": 0,
    "_parent": {
      "__id__": 1
    },
    "_children": [
      {
        "__id__": 3
      },
      {
        "__id__": 5
      },
      {
        "__id__": 8
      },
      {
        "__id__": 11
      }
    ],
    "_active": true,
    "_components": [
      {
        "__id__": 23
      },
      {
        "__id__": 24
      },
      {
        "__id__": 25
      }
    ],
    "_prefab": null,
    "_opacity": 255,
    "_color": {
      "__type__": "cc.Color",
      "r": 252,
      "g": 252,
      "b": 252,
      "a": 255
    },
    "_contentSize": {
      "__type__": "cc.Size",
      "width": 720,
      "height": 1280
    },
    "_anchorPoint": {
      "__type__": "cc.Vec2",
      "x": 0.5,
      "y": 0.5
    },
    "_trs": {
      "__type__": "TypedArray",
      "ctor": "Float64Array",
      "array": [
        360,
        640,
        0,
        0,
        0,
        0,
        1,
        1,
        1,
        1
      ]
    },
    "_eulerAngles": {
      "__type__": "cc.Vec3",
      "x": 0,
      "y": 0,
      "z": 0
    },
    "_skewX": 0,
    "_skewY": 0,
    "_is3DNode": false,
    "_groupIndex": 0,
    "groupIndex": 0,
    "_id": "a286bbGknJLZpRpxROV6M94"
  },
  {
    "__type__": "cc.Node",
    "_name": "Main Camera",
    "_objFlags": 0,
    "_parent": {
      "__id__": 2
    },
    "_children": [],
    "_active": true,
    "_components": [
      {
        "__id__": 4
      }
    ],
    "_prefab": null,
    "_opacity": 255,
    "_color": {
      "__type__": "cc.Color",
      "r": 255,
      "g": 255,
      "b": 255,
      "a": 255
    },
    "_contentSize": {
      "__type__": "cc.Size",
      "width": 0,
      "height": 0
    },
    "_anchorPoint": {
      "__type__": "cc.Vec2",
      "x": 0.5,
      "y": 0.5
    },
    "_trs": {
      "__type__": "TypedArray",
      "ctor": "Float64Array",
      "array": [
        0,
        0,
        632.3790019604259,
        0,
        0,
        0,
        1,
        1,
        1,
        1
      ]
    },
    "_eulerAngles": {
      "__type__": "cc.Vec3",
      "x": 0,
      "y": 0,
      "z": 0
    },
    "_skewX": 0,
    "_skewY": 0,
    "_is3DNode": false,
    "_groupIndex": 0,
    "groupIndex": 0,
    "_id": "bajsC4KotFLZ6XLFLKnycL"
  },
  {
    "__type__": "cc.Camera",
    "_name": "",
    "_objFlags": 0,
    "node": {
      "__id__": 3
    },
    "_enabled": true,
    "_cullingMask": 4294967295,
    "_clearFlags": 7,
    "_backgroundColor": {
      "__type__": "cc.Color",
      "r": 0,
      "g": 0,
      "b": 0,
      "a": 255
    },
    "_depth": -1,
    "_zoomRatio": 1,
    "_targetTexture": null,
    "_fov": 60,
    "_orthoSize": 10,
    "_nearClip": 1,
    "_farClip": 4096,
    "_ortho": true,
    "_rect": {
      "__type__": "cc.Rect",
      "x": 0,
      "y": 0,
      "width": 1,
      "height": 1
    },
    "_renderStages": 1,
    "_alignWithScreen": true,
    "_id": "c7r5+B15dD56dUBiNj+0KH"
  },
  {
    "__type__": "cc.Node",
    "_name": "background",
    "_objFlags": 0,
    "_parent": {
      "__id__": 2
    },
    "_children": [],
    "_active": true,
    "_components": [
      {
        "__id__": 6
      },
      {
        "__id__": 7
      }
    ],
    "_prefab": null,
    "_opacity": 255,
    "_color": {
      "__type__": "cc.Color",
      "r": 27,
      "g": 38,
      "b": 46,
      "a": 255
    },
    "_contentSize": {
      "__type__": "cc.Size",
      "width": 720,
      "height": 1280
    },
    "_anchorPoint": {
      "__type__": "cc.Vec2",
      "x": 0.5,
      "y": 0.5
    },
    "_trs": {
      "__type__": "TypedArray",
      "ctor": "Float64Array",
      "array": [
        0,
        0,
        0,
        0,
        0,
        0,
        1,
        1,
        1,
        1
      ]
    },
    "_eulerAngles": {
      "__type__": "cc.Vec3",
      "x": 0,
      "y": 0,
      "z": 0
    },
    "_skewX": 0,
    "_skewY": 0,
    "_is3DNode": false,
    "_groupIndex": 0,
    "groupIndex": 0,
    "_id": "e2e0crkOLxGrpMxpbC4iQg1"
  },
  {
    "__type__": "cc.Widget",
    "_name": "",
    "_objFlags": 0,
    "node": {
      "__id__": 5
    },
    "_enabled": true,
    "alignMode": 1,
    "_target": null,
    "_alignFlags": 45,
    "_left": 0,
    "_right": 0,
    "_top": 0,
    "_bottom": 0,
    "_verticalCenter": 0,
    "_horizontalCenter": 0,
    "_isAbsLeft": true,
    "_isAbsRight": true,
    "_isAbsTop": true,
    "_isAbsBottom": true,
    "_isAbsHorizontalCenter": true,
    "_isAbsVerticalCenter": true,
    "_originalWidth": 200,
    "_originalHeight": 150,
    "_id": "86+yud7pFDSrM+lsxByQvE"
  },
  {
    "__type__": "cc.Sprite",
    "_name": "",
    "_objFlags": 0,
    "node": {
      "__id__": 5
    },
    "_enabled": true,
    "_materials": [
      {
        "__uuid__": "eca5d2f2-8ef6-41c2-bbe6-f9c79d09c432"
      }
    ],
    "_srcBlendFactor": 770,
    "_dstBlendFactor": 771,
    "_spriteFrame": null,
    "_type": 1,
    "_sizeMode": 0,
    "_fillType": 0,
    "_fillCenter": {
      "__type__": "cc.Vec2",
      "x": 0,
      "y": 0
    },
    "_fillStart": 0,
    "_fillRange": 0,
    "_isTrimmedMode": true,
    "_atlas": null,
    "_id": "1bi08CbSBHsZSXfV2t6eKB"
  },
  {
    "__type__": "cc.Node",
    "_name": "spiralZoom",
    "_objFlags": 0,
    "_parent": {
      "__id__": 2
    },
    "_children": [],
    "_active": true,
    "_components": [
      {
        "__id__": 9
      },
      {
        "__id__": 10
      }
    ],
    "_prefab": null,
    "_opacity": 255,
    "_color": {
      "__type__": "cc.Color",
      "r": 255,
      "g": 255,
      "b": 255,
      "a": 255
    },
    "_contentSize": {
      "__type__": "cc.Size",
      "width": 720,
      "height": 720
    },
    "_anchorPoint": {
      "__type__": "cc.Vec2",
      "x": 0.5,
      "y": 0.5
    },
    "_trs": {
      "__type__": "TypedArray",
      "ctor": "Float64Array",
      "array": [
        0,
        -0.571,
        0,
        0,
        0,
        0,
        1,
        1.8,
        1.8,
        1
      ]
    },
    "_eulerAngles": {
      "__type__": "cc.Vec3",
      "x": 0,
      "y": 0,
      "z": 0
    },
    "_skewX": 0,
    "_skewY": 0,
    "_is3DNode": false,
    "_groupIndex": 0,
    "groupIndex": 0,
    "_id": "44Z/RGlJ1KmIezZJ1m7Tqe"
  },
  {
    "__type__": "89871MxfkBJjJh0o236XNDC",
    "_name": "",
    "_objFlags": 0,
    "node": {
      "__id__": 8
    },
    "_enabled": true,
    "_id": "caKbQxLe9LCJVZiVtNV/XH"
  },
  {
    "__type__": "cc.Sprite",
    "_name": "",
    "_objFlags": 0,
    "node": {
      "__id__": 8
    },
    "_enabled": true,
    "_materials": [
      {
        "__uuid__": "cf4a7491-d799-46e2-8b48-f218064a47de"
      }
    ],
    "_srcBlendFactor": 770,
    "_dstBlendFactor": 771,
    "_spriteFrame": {
      "__uuid__": "d6c465ce-06f3-4547-a5f0-a5335eb6edd5"
    },
    "_type": 0,
    "_sizeMode": 0,
    "_fillType": 0,
    "_fillCenter": {
      "__type__": "cc.Vec2",
      "x": 0,
      "y": 0
    },
    "_fillStart": 0,
    "_fillRange": 0,
    "_isTrimmedMode": true,
    "_atlas": null,
    "_id": "5dQTZzFLFKPr0rfYGDqS7Z"
  },
  {
    "__type__": "cc.Node",
    "_name": "btnQuit",
    "_objFlags": 0,
    "_parent": {
      "__id__": 2
    },
    "_children": [
      {
        "__id__": 12
      }
    ],
    "_active": true,
    "_components": [
      {
        "__id__": 19
      },
      {
        "__id__": 20
      },
      {
        "__id__": 21
      }
    ],
    "_prefab": {
      "__id__": 22
    },
    "_opacity": 255,
    "_color": {
      "__type__": "cc.Color",
      "r": 255,
      "g": 255,
      "b": 255,
      "a": 255
    },
    "_contentSize": {
      "__type__": "cc.Size",
      "width": 150,
      "height": 40
    },
    "_anchorPoint": {
      "__type__": "cc.Vec2",
      "x": 0.5,
      "y": 0.5
    },
    "_trs": {
      "__type__": "TypedArray",
      "ctor": "Float64Array",
      "array": [
        244.35799999999995,
        578.5419999999999,
        0,
        0,
        0,
        0,
        1,
        1,
        1,
        1
      ]
    },
    "_eulerAngles": {
      "__type__": "cc.Vec3",
      "x": 0,
      "y": 0,
      "z": 0
    },
    "_skewX": 0,
    "_skewY": 0,
    "_is3DNode": false,
    "_groupIndex": 0,
    "groupIndex": 0,
    "_id": "53GSDnhsNOL5ZumApGE/aR"
  },
  {
    "__type__": "cc.Node",
    "_name": "Background",
    "_objFlags": 512,
    "_parent": {
      "__id__": 11
    },
    "_children": [
      {
        "__id__": 13
      }
    ],
    "_active": true,
    "_components": [
      {
        "__id__": 16
      },
      {
        "__id__": 17
      }
    ],
    "_prefab": {
      "__id__": 18
    },
    "_opacity": 255,
    "_color": {
      "__type__": "cc.Color",
      "r": 255,
      "g": 255,
      "b": 255,
      "a": 255
    },
    "_contentSize": {
      "__type__": "cc.Size",
      "width": 150,
      "height": 40
    },
    "_anchorPoint": {
      "__type__": "cc.Vec2",
      "x": 0.5,
      "y": 0.5
    },
    "_trs": {
      "__type__": "TypedArray",
      "ctor": "Float64Array",
      "array": [
        0,
        0,
        0,
        0,
        0,
        0,
        1,
        1,
        1,
        0
      ]
    },
    "_eulerAngles": {
      "__type__": "cc.Vec3",
      "x": 0,
      "y": 0,
      "z": 0
    },
    "_skewX": 0,
    "_skewY": 0,
    "_is3DNode": false,
    "_groupIndex": 0,
    "groupIndex": 0,
    "_id": "58MNrraMJEKI5cpnzUwXzb"
  },
  {
    "__type__": "cc.Node",
    "_name": "Label",
    "_objFlags": 512,
    "_parent": {
      "__id__": 12
    },
    "_children": [],
    "_active": true,
    "_components": [
      {
        "__id__": 14
      }
    ],
    "_prefab": {
      "__id__": 15
    },
    "_opacity": 255,
    "_color": {
      "__type__": "cc.Color",
      "r": 0,
      "g": 0,
      "b": 0,
      "a": 255
    },
    "_contentSize": {
      "__type__": "cc.Size",
      "width": 100,
      "height": 40
    },
    "_anchorPoint": {
      "__type__": "cc.Vec2",
      "x": 0.5,
      "y": 0.5
    },
    "_trs": {
      "__type__": "TypedArray",
      "ctor": "Float64Array",
      "array": [
        0,
        0,
        0,
        0,
        0,
        0,
        1,
        1,
        1,
        1
      ]
    },
    "_eulerAngles": {
      "__type__": "cc.Vec3",
      "x": 0,
      "y": 0,
      "z": 0
    },
    "_skewX": 0,
    "_skewY": 0,
    "_is3DNode": false,
    "_groupIndex": 0,
    "groupIndex": 0,
    "_id": "26aiYKvbJEA7i3/KA/IdO2"
  },
  {
    "__type__": "cc.Label",
    "_name": "",
    "_objFlags": 0,
    "node": {
      "__id__": 13
    },
    "_enabled": true,
    "_materials": [
      {
        "__uuid__": "eca5d2f2-8ef6-41c2-bbe6-f9c79d09c432"
      }
    ],
    "_srcBlendFactor": 770,
    "_dstBlendFactor": 771,
    "_useOriginalSize": false,
    "_string": "",
    "_N$string": "",
    "_fontSize": 20,
    "_lineHeight": 40,
    "_enableWrapText": false,
    "_N$file": null,
    "_isSystemFontUsed": true,
    "_spacingX": 0,
    "_batchAsBitmap": false,
    "_styleFlags": 0,
    "_underlineHeight": 0,
    "_N$horizontalAlign": 1,
    "_N$verticalAlign": 1,
    "_N$fontFamily": "Arial",
    "_N$overflow": 1,
    "_N$cacheMode": 1,
    "_id": "83JZdH9KJMWZKiYs/fOVap"
  },
  {
    "__type__": "cc.PrefabInfo",
    "root": {
      "__id__": 11
    },
    "asset": {
      "__uuid__": "6da421ae-3ac1-4948-8d65-92c30341f2f3"
    },
    "fileId": "f2UpzTBw1F0ateQZp9wAHp",
    "sync": false
  },
  {
    "__type__": "cc.Sprite",
    "_name": "",
    "_objFlags": 0,
    "node": {
      "__id__": 12
    },
    "_enabled": true,
    "_materials": [
      {
        "__uuid__": "eca5d2f2-8ef6-41c2-bbe6-f9c79d09c432"
      }
    ],
    "_srcBlendFactor": 770,
    "_dstBlendFactor": 771,
    "_spriteFrame": {
      "__uuid__": "6b6eb7f8-1b95-480f-9bb7-9e6097d8a9e9"
    },
    "_type": 1,
    "_sizeMode": 0,
    "_fillType": 0,
    "_fillCenter": {
      "__type__": "cc.Vec2",
      "x": 0,
      "y": 0
    },
    "_fillStart": 0,
    "_fillRange": 0,
    "_isTrimmedMode": true,
    "_atlas": null,
    "_id": "7fYaIw1eBDaLeLEvRGJgrr"
  },
  {
    "__type__": "cc.Widget",
    "_name": "",
    "_objFlags": 0,
    "node": {
      "__id__": 12
    },
    "_enabled": true,
    "alignMode": 0,
    "_target": null,
    "_alignFlags": 45,
    "_left": 0,
    "_right": 0,
    "_top": 0,
    "_bottom": 0,
    "_verticalCenter": 0,
    "_horizontalCenter": 0,
    "_isAbsLeft": true,
    "_isAbsRight": true,
    "_isAbsTop": true,
    "_isAbsBottom": true,
    "_isAbsHorizontalCenter": true,
    "_isAbsVerticalCenter": true,
    "_originalWidth": 100,
    "_originalHeight": 40,
    "_id": "21ZcNyhzNDLIP+K4b9f3X/"
  },
  {
    "__type__": "cc.PrefabInfo",
    "root": {
      "__id__": 11
    },
    "asset": {
      "__uuid__": "6da421ae-3ac1-4948-8d65-92c30341f2f3"
    },
    "fileId": "94U2qJRW5F5J6PizBxfR+W",
    "sync": false
  },
  {
    "__type__": "cc.Button",
    "_name": "",
    "_objFlags": 0,
    "node": {
      "__id__": 11
    },
    "_enabled": true,
    "_normalMaterial": null,
    "_grayMaterial": null,
    "duration": 0.1,
    "zoomScale": 1.2,
    "clickEvents": [],
    "_N$interactable": true,
    "_N$enableAutoGrayEffect": false,
    "_N$transition": 3,
    "transition": 3,
    "_N$normalColor": {
      "__type__": "cc.Color",
      "r": 230,
      "g": 230,
      "b": 230,
      "a": 255
    },
    "_N$pressedColor": {
      "__type__": "cc.Color",
      "r": 200,
      "g": 200,
      "b": 200,
      "a": 255
    },
    "pressedColor": {
      "__type__": "cc.Color",
      "r": 200,
      "g": 200,
      "b": 200,
      "a": 255
    },
    "_N$hoverColor": {
      "__type__": "cc.Color",
      "r": 255,
      "g": 255,
      "b": 255,
      "a": 255
    },
    "hoverColor": {
      "__type__": "cc.Color",
      "r": 255,
      "g": 255,
      "b": 255,
      "a": 255
    },
    "_N$disabledColor": {
      "__type__": "cc.Color",
      "r": 120,
      "g": 120,
      "b": 120,
      "a": 200
    },
    "_N$normalSprite": {
      "__uuid__": "6b6eb7f8-1b95-480f-9bb7-9e6097d8a9e9"
    },
    "_N$pressedSprite": {
      "__uuid__": "e9ec654c-97a2-4787-9325-e6a10375219a"
    },
    "pressedSprite": {
      "__uuid__": "e9ec654c-97a2-4787-9325-e6a10375219a"
    },
    "_N$hoverSprite": {
      "__uuid__": "f0048c10-f03e-4c97-b9d3-3506e1d58952"
    },
    "hoverSprite": {
      "__uuid__": "f0048c10-f03e-4c97-b9d3-3506e1d58952"
    },
    "_N$disabledSprite": {
      "__uuid__": "29158224-f8dd-4661-a796-1ffab537140e"
    },
    "_N$target": {
      "__id__": 12
    },
    "_id": "7fAP5AGChDaYmcFr5HNYUt"
  },
  {
    "__type__": "58a22OqN5RI3plga6Z+CurZ",
    "_name": "",
    "_objFlags": 0,
    "node": {
      "__id__": 11
    },
    "_enabled": true,
    "sceneName": "SceneShaders",
    "_id": "7ftxMGHA9E+r/hrr5VRxkD"
  },
  {
    "__type__": "cc.Widget",
    "_name": "",
    "_objFlags": 0,
    "node": {
      "__id__": 11
    },
    "_enabled": true,
    "alignMode": 2,
    "_target": null,
    "_alignFlags": 33,
    "_left": 0,
    "_right": 40.64200000000005,
    "_top": 41.45800000000003,
    "_bottom": 0,
    "_verticalCenter": 0,
    "_horizontalCenter": 0,
    "_isAbsLeft": true,
    "_isAbsRight": true,
    "_isAbsTop": true,
    "_isAbsBottom": true,
    "_isAbsHorizontalCenter": true,
    "_isAbsVerticalCenter": true,
    "_originalWidth": 0,
    "_originalHeight": 0,
    "_id": "35NGpaCKVGwJYHgaA1rJSc"
  },
  {
    "__type__": "cc.PrefabInfo",
    "root": {
      "__id__": 11
    },
    "asset": {
      "__uuid__": "6da421ae-3ac1-4948-8d65-92c30341f2f3"
    },
    "fileId": "ce0M6as4lBA7QtDRVjuTPC",
    "sync": false
  },
  {
    "__type__": "cc.Canvas",
    "_name": "",
    "_objFlags": 0,
    "node": {
      "__id__": 2
    },
    "_enabled": true,
    "_designResolution": {
      "__type__": "cc.Size",
      "width": 720,
      "height": 1280
    },
    "_fitWidth": false,
    "_fitHeight": true,
    "_id": "6f5cteKmlPh6NGUsUqxlFR"
  },
  {
    "__type__": "cc.Widget",
    "_name": "",
    "_objFlags": 0,
    "node": {
      "__id__": 2
    },
    "_enabled": true,
    "alignMode": 1,
    "_target": null,
    "_alignFlags": 45,
    "_left": 0,
    "_right": 0,
    "_top": 0,
    "_bottom": 0,
    "_verticalCenter": 0,
    "_horizontalCenter": 0,
    "_isAbsLeft": true,
    "_isAbsRight": true,
    "_isAbsTop": true,
    "_isAbsBottom": true,
    "_isAbsHorizontalCenter": true,
    "_isAbsVerticalCenter": true,
    "_originalWidth": 0,
    "_originalHeight": 0,
    "_id": "d0uYTTKotE1r27nmE3vxpA"
  },
  {
    "__type__": "4d102k6wppNGIkjlgi8Oycw",
    "_name": "",
    "_objFlags": 0,
    "node": {
      "__id__": 2
    },
    "_enabled": true,
    "_id": "81CWcR8EBOF5es3QUrbyLj"
  }
]