{
  "ea2e37d5-ec82-4466-b2fd-d39af121fe91": {
    "asset": 1600932818191,
    "meta": 1604128362077,
    "relativePath": "Animations"
  },
  "1bf7595e-7484-4fed-9f81-cb042fa5a23c": {
    "asset": 1600932818287,
    "meta": 1604128362078,
    "relativePath": "migration"
  },
  "a226bed5-b061-4dc4-b798-2d3c8e1fbe93": {
    "asset": 1600932818287,
    "meta": 1604128362080,
    "relativePath": "migration/placeholder.txt"
  },
  "0d391b4b-d173-4c8d-b3a2-ab05046523c7": {
    "asset": 1600932818192,
    "meta": 1604128362080,
    "relativePath": "Prefab"
  },
  "97e7fba7-b459-48cf-92d1-96a0351c86f3": {
    "asset": 1600932818190,
    "meta": 1604128362081,
    "relativePath": "Animations/test.anim"
  },
  "29f52784-2fca-467b-92e7-8fd9ef8c57b7": {
    "asset": 1604128539443,
    "meta": 1604202220121,
    "relativePath": "Scene"
  },
  "16268a42-f9b6-4018-be40-9678854a96dc": {
    "asset": 1600932818196,
    "meta": 1604128362083,
    "relativePath": "Scene(Experiment)"
  },
  "6da421ae-3ac1-4948-8d65-92c30341f2f3": {
    "asset": 1604128362084,
    "meta": 1604128362084,
    "relativePath": "Prefab/btnQuit.prefab"
  },
  "6b3edf8c-ebc1-48a6-917c-d86e708ba894": {
    "asset": 1604128362088,
    "meta": 1604128362089,
    "relativePath": "Scene(Experiment)/SceneCameraLayeredBatchingScrollView(Fail).fire"
  },
  "ab1f16d5-410d-4a5f-83d2-798fe9eb9605": {
    "asset": 1604128362093,
    "meta": 1604128362094,
    "relativePath": "Scene(Experiment)/SceneLayeredBatching.fire"
  },
  "117422c2-753f-4186-a1ee-0d9083832b04": {
    "asset": 1604128362095,
    "meta": 1604128362096,
    "relativePath": "Scene(Experiment)/SceneSpriteFill(Ignore).fire"
  },
  "a31fabd6-5145-4c69-af9c-f3c4ea6db4bc": {
    "asset": 1604128362098,
    "meta": 1604128362099,
    "relativePath": "Scene(Experiment)/SceneStandaloneShader.fire"
  },
  "96ffbe81-2c0f-4502-b2d0-c94ab810ee0a": {
    "asset": 1604128362101,
    "meta": 1604128362102,
    "relativePath": "Scene(Experiment)/SceneTest(Ignore).fire"
  },
  "6ffb481f-83c2-495d-8189-ea1eed63a20b": {
    "asset": 1604128362104,
    "meta": 1604128362105,
    "relativePath": "Scene(Experiment)/SceneTestGraphics(Ignore).fire"
  },
  "78b0ef1b-7911-405b-a2a1-8ab0fcae2882": {
    "asset": 1604128362108,
    "meta": 1604128362109,
    "relativePath": "Scene/SceneAvatars.fire"
  },
  "4e3d083e-4dff-44f8-b9d5-b59a4a8d23e9": {
    "asset": 1604128362111,
    "meta": 1604128362112,
    "relativePath": "Scene/SceneEnterEShop.fire"
  },
  "2d2f792f-a40c-49bb-a189-ed176a246e49": {
    "asset": 1604128362116,
    "meta": 1604128362117,
    "relativePath": "Scene/SceneCustomVertexFormat.fire"
  },
  "fe538e1d-889d-4efa-8d8e-5b1fd0089e1d": {
    "asset": 1604128362119,
    "meta": 1604128362120,
    "relativePath": "Scene/SceneEqualScalingSprite.fire"
  },
  "9aea0453-494c-4725-ad56-fb796d3eb972": {
    "asset": 1604128362123,
    "meta": 1604128362125,
    "relativePath": "Scene/SceneLayeredBatchingScrollView.fire"
  },
  "58a1dfcd-c87c-4dc0-af68-0b6fcb50005a": {
    "asset": 1604128362128,
    "meta": 1604128362130,
    "relativePath": "Scene/SceneShaders.fire"
  },
  "5655c165-07a2-432d-8827-15d9edfbc0fb": {
    "asset": 1604128362133,
    "meta": 1604128362135,
    "relativePath": "Scene/SceneMetaBalls.fire"
  },
  "ce5e5847-a144-4f4c-a0c2-87bbe147904a": {
    "asset": 1604128362137,
    "meta": 1604128362138,
    "relativePath": "Scene/SceneSpiralZoom.fire"
  },
  "ee59fa18-69cb-449c-a611-e354d2d8ae1b": {
    "asset": 1604128362142,
    "meta": 1604128362144,
    "relativePath": "Scene/SceneSpriteMaskedAvatars.fire"
  },
  "4aa2f3d5-4367-4451-a999-c4d596719c27": {
    "asset": 1604128632129,
    "meta": 1604202220122,
    "relativePath": "Scripts"
  },
  "3a80f223-a8df-4e68-b0a4-b796899f503d": {
    "asset": 1600932818204,
    "meta": 1604128362146,
    "relativePath": "Scripts/Misc"
  },
  "58a223aa-3794-48de-9960-6ba67e0aead9": {
    "asset": 1600932818203,
    "meta": 1604128362265,
    "relativePath": "Scripts/Misc/NavigatorButton.ts"
  },
  "79599da5-ede7-4232-93be-930b30f7ee94": {
    "asset": 1604128362267,
    "meta": 1604128362268,
    "relativePath": "Scene/SceneWelcome.fire"
  },
  "89871331-7e40-498c-9874-a36dfa5cd0c2": {
    "asset": 1600932818204,
    "meta": 1604128362316,
    "relativePath": "Scripts/Misc/SimpleDraggable.ts"
  },
  "ef44c6d2-066f-418a-9761-2a33b0592f1e": {
    "asset": 1600932818208,
    "meta": 1604128362317,
    "relativePath": "Scripts/Scene"
  },
  "a8e90ab9-c9b4-4d8a-9c74-79fc081823ea": {
    "asset": 1600932818204,
    "meta": 1604128362334,
    "relativePath": "Scripts/Scene/SceneLayeredBatchingScrollView.ts"
  },
  "5d5116ab-62ad-45cb-be60-9ba9b63fb5f4": {
    "asset": 1600932818205,
    "meta": 1604128362434,
    "relativePath": "Scripts/Scene/SceneMetaBalls.ts"
  },
  "e358aaec-379f-436d-9d0d-de450186b09b": {
    "asset": 1600932818205,
    "meta": 1604128362454,
    "relativePath": "Scripts/Scene/SceneSpriteMaskedAvatars.ts"
  },
  "4d10293a-c29a-4d18-8923-9608bc3b2730": {
    "asset": 1600932818206,
    "meta": 1604128362462,
    "relativePath": "Scripts/Scene/SceneTest.ts"
  },
  "7ec6e9ef-a28b-44d0-ba80-552453fcfe6c": {
    "asset": 1600932818207,
    "meta": 1604128362481,
    "relativePath": "Scripts/Scene/SceneTestGraphics.ts"
  },
  "8efa3972-14d7-4f1c-9e8d-0f47eca5c433": {
    "asset": 1600932818208,
    "meta": 1604128362490,
    "relativePath": "Scripts/Scene/SceneWelcome.ts"
  },
  "3e4998ad-e352-49e9-9763-78669d3b7cc9": {
    "asset": 1600932818237,
    "meta": 1604128362490,
    "relativePath": "Shader"
  },
  "59dcbd2e-59b4-4484-94bd-a4f0211c0059": {
    "asset": 1600932818212,
    "meta": 1604128362491,
    "relativePath": "Shader/Avatar"
  },
  "b5cbf6d2-83e8-47fa-bf48-64310c322f9d": {
    "asset": 1600932818209,
    "meta": 1604128362500,
    "relativePath": "Shader/Avatar/Avatar.effect"
  },
  "45279894-bdac-4360-bc04-ce8e0e3d14e6": {
    "asset": 1600932818211,
    "meta": 1604128362546,
    "relativePath": "Shader/Avatar/AvatarAssembler.ts"
  },
  "b164959c-f50d-4e48-b2dc-b9ac999cf4f0": {
    "asset": 1600932818212,
    "meta": 1604128362557,
    "relativePath": "Shader/Avatar/AvatarSprite.ts"
  },
  "f707a379-28f0-4a65-b21e-30dc99e49afb": {
    "asset": 1600932818213,
    "meta": 1604128362558,
    "relativePath": "Shader/CircleMelt"
  },
  "06b15b26-3faf-4cd8-ba91-9b79b83cab84": {
    "asset": 1600932818213,
    "meta": 1604128362569,
    "relativePath": "Shader/CircleMelt/CircleMelt.effect"
  },
  "43b9d54e-1680-454f-b37b-a0752e0983ea": {
    "asset": 1600932818210,
    "meta": 1604128363415,
    "relativePath": "Shader/Avatar/Avatar.mtl"
  },
  "33f532b5-28b6-440f-9503-3fda0370847d": {
    "asset": 1600932818215,
    "meta": 1604128362571,
    "relativePath": "Shader/EnterEShop"
  },
  "672e86e0-cbc1-4155-905d-8f120f1e84bc": {
    "asset": 1600932818214,
    "meta": 1604128362584,
    "relativePath": "Shader/EnterEShop/EnterEShop.effect"
  },
  "3f251e2c-c019-4e8c-bb52-94676ab43e47": {
    "asset": 1600932818213,
    "meta": 1604128363416,
    "relativePath": "Shader/CircleMelt/CircleMelt.mtl"
  },
  "ec3b0d28-d540-4711-85a0-c676cbf49ccf": {
    "asset": 1600932818217,
    "meta": 1604128362586,
    "relativePath": "Shader/EqualScallingSprite"
  },
  "e54e3f0b-9a4d-4bb5-ab63-34634c8200c3": {
    "asset": 1600932818216,
    "meta": 1604128362615,
    "relativePath": "Shader/EqualScallingSprite/EqualScalingAssembler.ts"
  },
  "8b225d7c-24ba-44bb-a017-89ff53d4336d": {
    "asset": 1600932818217,
    "meta": 1604128362626,
    "relativePath": "Shader/EqualScallingSprite/EqualScalingSprite.ts"
  },
  "09db1ff5-ba7d-445a-886a-5423038f330d": {
    "asset": 1600932818215,
    "meta": 1604128363419,
    "relativePath": "Shader/EnterEShop/EnterEShop.mtl"
  },
  "ec2e8e09-2ec3-45f1-9df3-c65f68b706c9": {
    "asset": 1600932818218,
    "meta": 1604128362711,
    "relativePath": "Shader/GTAssembler2D.ts"
  },
  "df6cfe8f-334f-4cfa-bb27-e3ba9c19acf1": {
    "asset": 1600932818219,
    "meta": 1604128362736,
    "relativePath": "Shader/GTAutoFitSpriteAssembler2D.ts"
  },
  "3cf56c50-d9e4-4a46-973e-e0c814b39052": {
    "asset": 1600932818219,
    "meta": 1604128362766,
    "relativePath": "Shader/GTSimpleSpriteAssembler2D.ts"
  },
  "95ece88d-9817-4339-8109-cd9fb51e4ff9": {
    "asset": 1600932818221,
    "meta": 1604128362767,
    "relativePath": "Shader/LayeredBatching"
  },
  "9b7dbfd0-955a-4d47-a064-1c3dcf087d2e": {
    "asset": 1600932818220,
    "meta": 1604128362794,
    "relativePath": "Shader/LayeredBatching/LayeredBatchingAssembler.ts"
  },
  "7e264143-7299-4c63-9acd-6f6b028d1b5f": {
    "asset": 1600932818221,
    "meta": 1604128362803,
    "relativePath": "Shader/LayeredBatching/LayeredBatchingRootRenderer.ts"
  },
  "e4a5d59d-d796-4097-9ad0-fa990055c165": {
    "asset": 1600932818227,
    "meta": 1604128362804,
    "relativePath": "Shader/MetaBalls"
  },
  "a8bee391-6fa2-4bdd-bd29-2f73a131d908": {
    "asset": 1600932818222,
    "meta": 1604128362878,
    "relativePath": "Shader/MetaBalls/MetaBallsAssembler.ts"
  },
  "c083458d-5268-41e6-9e18-3b84e261735e": {
    "asset": 1600932818223,
    "meta": 1604128362889,
    "relativePath": "Shader/MetaBalls/MetaBallsFilter.effect"
  },
  "47b94ccc-24dc-48e1-89cd-bcefeade8b68": {
    "asset": 1600932818224,
    "meta": 1604128362896,
    "relativePath": "Shader/MetaBalls/MetaBallsNative.effect"
  },
  "fec73c4e-0384-44da-9e91-dd7b9bba5dc3": {
    "asset": 1600932818223,
    "meta": 1604128363422,
    "relativePath": "Shader/MetaBalls/MetaBallsFilter.mtl"
  },
  "db62d1e2-c8a3-4d64-9c23-347c9bcef20b": {
    "asset": 1600932818225,
    "meta": 1604128362921,
    "relativePath": "Shader/MetaBalls/MetaBallsRenderer.ts"
  },
  "b3f86304-9658-4bb5-ae5e-53972602b043": {
    "asset": 1600932818226,
    "meta": 1604128362934,
    "relativePath": "Shader/MetaBalls/MetaBallsWeb.effect"
  },
  "5f6e5219-492c-42aa-ae2d-ff230a35bd03": {
    "asset": 1600932818224,
    "meta": 1604128363423,
    "relativePath": "Shader/MetaBalls/MetaBallsNative.mtl"
  },
  "6dc8fd0d-7881-48f9-b69b-19bc18a0737e": {
    "asset": 1600932818228,
    "meta": 1604128362936,
    "relativePath": "Shader/Mosaic"
  },
  "58222495-4dc7-44d9-b1ab-3bacbed8a3b9": {
    "asset": 1600932818228,
    "meta": 1604128362943,
    "relativePath": "Shader/Mosaic/GTMosaic.effect"
  },
  "dc4e48b1-5c31-433b-a5d3-56d4403f6a4c": {
    "asset": 1600932818227,
    "meta": 1604128363424,
    "relativePath": "Shader/MetaBalls/MetaBallsWeb.mtl"
  },
  "66bcfe4f-182f-4c4b-b8fc-872c6e1c2d53": {
    "asset": 1600932818231,
    "meta": 1604128362945,
    "relativePath": "Shader/MovingBG"
  },
  "f32d42b4-9a13-485c-92df-eb04c00a916b": {
    "asset": 1600932818230,
    "meta": 1604128362952,
    "relativePath": "Shader/MovingBG/MovingBG.effect"
  },
  "b9c487b7-9d43-4f44-b023-4ee06ef6478b": {
    "asset": 1600932818228,
    "meta": 1604128363426,
    "relativePath": "Shader/Mosaic/GTMosaic.mtl"
  },
  "e1c35c18-fd6b-4323-8355-a7cf1f5bb2aa": {
    "asset": 1600932818231,
    "meta": 1604128362986,
    "relativePath": "Shader/MovingBG/MovingBGAssembler.ts"
  },
  "d6bb367e-d404-460d-aa4a-648bc1a4252c": {
    "asset": 1600932818231,
    "meta": 1604128363003,
    "relativePath": "Shader/MovingBG/MovingBGSprite.ts"
  },
  "05b3d00b-c3a5-4871-996d-a5a1bce8c337": {
    "asset": 1600932818233,
    "meta": 1604128363004,
    "relativePath": "Shader/SimpleColor"
  },
  "ed44db48-e0e9-4d89-9e69-25e68b3889e3": {
    "asset": 1600932818230,
    "meta": 1604128363428,
    "relativePath": "Shader/MovingBG/MovingBG.mtl"
  },
  "b1985e23-5130-40e5-9cc3-5abe7b9c2cc4": {
    "asset": 1600932818232,
    "meta": 1604128363012,
    "relativePath": "Shader/SimpleColor/SimpleColor.effect"
  },
  "fcdce154-b7fe-409d-9ccd-42873849beab": {
    "asset": 1600932818234,
    "meta": 1604128363013,
    "relativePath": "Shader/SpiralZoom"
  },
  "c5cbe96b-03ab-4be9-866e-800494e94000": {
    "asset": 1600932818234,
    "meta": 1604128363027,
    "relativePath": "Shader/SpiralZoom/SpiralZoom.effect"
  },
  "ab803a7e-3b60-4a55-aeed-7048e4f7f898": {
    "asset": 1600932818233,
    "meta": 1604128363429,
    "relativePath": "Shader/SimpleColor/SimpleColor.mtl"
  },
  "cdc4bb8a-eeae-4c2d-b389-d993a9a96037": {
    "asset": 1600932818236,
    "meta": 1604128363030,
    "relativePath": "Shader/SpriteMaskedAvatar"
  },
  "7666fb72-54b8-4756-ab6c-d380cc6160f7": {
    "asset": 1600932818235,
    "meta": 1604128363042,
    "relativePath": "Shader/SpriteMaskedAvatar/SpriteMaskedAvatar.effect"
  },
  "cf4a7491-d799-46e2-8b48-f218064a47de": {
    "asset": 1600932818234,
    "meta": 1604128363431,
    "relativePath": "Shader/SpiralZoom/SpiralZoom.mtl"
  },
  "da46cce8-2c40-4773-bd75-4cd053213919": {
    "asset": 1600932818236,
    "meta": 1604128363082,
    "relativePath": "Shader/SpriteMaskedAvatar/SpriteMaskedAvatarAssembler.ts"
  },
  "4c9d83be-2ddd-4e7d-bcb9-506d4f0767c7": {
    "asset": 1600932818236,
    "meta": 1604128363108,
    "relativePath": "Shader/SpriteMaskedAvatar/SpriteMaskedAvatarSprite.ts"
  },
  "41f69277-faa1-4617-89dc-d6c6ed978fd3": {
    "asset": 1600932818237,
    "meta": 1604128363109,
    "relativePath": "Shader/Tiled"
  },
  "316ec6c3-48ff-4654-9922-f92567f96d3b": {
    "asset": 1600932818235,
    "meta": 1604128363432,
    "relativePath": "Shader/SpriteMaskedAvatar/SpriteMaskedAvatar.mtl"
  },
  "698df83c-ff72-4399-8b76-02f33abb20cc": {
    "asset": 1600932818237,
    "meta": 1604128363125,
    "relativePath": "Shader/Tiled/Tiled.effect"
  },
  "7b81d4e8-ec84-4716-968d-500ac1d78a54": {
    "asset": 1600932818286,
    "meta": 1604128363126,
    "relativePath": "Texture"
  },
  "d0ed4224-11cc-49e9-90d5-2659480549e0": {
    "asset": 1600932818237,
    "meta": 1604128363433,
    "relativePath": "Shader/Tiled/Tiled.mtl"
  },
  "7fba5e88-b293-46c3-a8f6-7ca4ff7240eb": {
    "asset": 1600932818239,
    "meta": 1604128363441,
    "relativePath": "Texture/avatars.plist"
  },
  "446f4d91-8921-4942-9fed-3821b4a90980": {
    "asset": 1600932818240,
    "meta": 1604128363142,
    "relativePath": "Texture/avatars.png"
  },
  "f0b12d15-ca60-4983-9ae1-61c1e51501d6": {
    "asset": 1600932818239,
    "meta": 1604128363148,
    "relativePath": "Texture/a1.jpg"
  },
  "b7155471-7d84-4971-93e2-f728c1c17d99": {
    "asset": 1600932818238,
    "meta": 1604128363158,
    "relativePath": "Texture/GT.png"
  },
  "014732af-670d-43cc-8820-7f610394029e": {
    "asset": 1600932818240,
    "meta": 1604128363470,
    "relativePath": "Texture/letters.plist"
  },
  "12b7cd8d-8d77-4225-ba3a-ece47de487fa": {
    "asset": 1600932818241,
    "meta": 1604128363176,
    "relativePath": "Texture/letters.png"
  },
  "88fdc975-d2fa-400a-bb19-b60dd5ca00e9": {
    "asset": 1600932818242,
    "meta": 1604128363477,
    "relativePath": "Texture/numbers.plist"
  },
  "6aa0aa6a-ebee-4155-a088-a687a6aadec4": {
    "asset": 1600932818238,
    "meta": 1604128363183,
    "relativePath": "Texture/HelloWorld.png"
  },
  "72ac086a-3550-4561-940f-f8acbcabe919": {
    "asset": 1600932818243,
    "meta": 1604128363187,
    "relativePath": "Texture/numbers.png"
  },
  "2e77ba3b-439d-4b20-8ded-693c5a24715a": {
    "asset": 1600932818261,
    "meta": 1604128363204,
    "relativePath": "Texture/play300x80_hover.png"
  },
  "fabc53df-9258-4a57-b873-0f97a1e92014": {
    "asset": 1600932818258,
    "meta": 1604128363216,
    "relativePath": "Texture/play300x80.png"
  },
  "0ad2d060-9ad9-4b35-92dd-6ef81c1037ae": {
    "asset": 1600932818262,
    "meta": 1604128363227,
    "relativePath": "Texture/quit300x80.png"
  },
  "790bc609-ee34-419d-90b7-a17df6307f37": {
    "asset": 1600932818263,
    "meta": 1604128363234,
    "relativePath": "Texture/singleColor_unpackable.png"
  },
  "328cb83e-51c4-496f-b368-4400e2412742": {
    "asset": 1600932818263,
    "meta": 1604128363243,
    "relativePath": "Texture/singleColor.png"
  },
  "4026c113-7c6a-41c2-9bd4-bd370e921c9b": {
    "asset": 1600932818274,
    "meta": 1604128363244,
    "relativePath": "Texture/standalone"
  },
  "ea8ebb28-60a5-48cc-bcc8-ea5ddb712bab": {
    "asset": 1600932818256,
    "meta": 1604128363292,
    "relativePath": "Texture/pipe.png"
  },
  "63fe97fc-7f98-40f2-8592-b07fa70d9237": {
    "asset": 1600932818273,
    "meta": 1604128363294,
    "relativePath": "Texture/standalone/胶带+蜘蛛侠.png"
  },
  "c4145712-a4da-4edd-a21a-c560767c5938": {
    "asset": 1600932818265,
    "meta": 1604128363318,
    "relativePath": "Texture/standalone/drop-alpha.png"
  },
  "4892ee83-dff8-45fc-bbaa-58857dda1e2a": {
    "asset": 1600932818266,
    "meta": 1604128363333,
    "relativePath": "Texture/standalone/hello.png"
  },
  "8b72d370-bdc2-41e5-99dc-61ec380488df": {
    "asset": 1600932818267,
    "meta": 1604128363334,
    "relativePath": "Texture/standalone/tile1.png"
  },
  "99b1cf71-bdf4-4892-a134-d5e3f648f24a": {
    "asset": 1600932818268,
    "meta": 1604128363352,
    "relativePath": "Texture/standalone/tile2.png"
  },
  "efd488b6-b50e-47c3-822a-9a2459033add": {
    "asset": 1600932818269,
    "meta": 1604128363353,
    "relativePath": "Texture/standalone/tile3.png"
  },
  "b0ee74bd-2134-43d3-90eb-b6e4781946b2": {
    "asset": 1600932818270,
    "meta": 1604128363367,
    "relativePath": "Texture/standalone/tile4.png"
  },
  "98041d71-b2b0-41ad-a5d3-f87753705a1e": {
    "asset": 1600932818270,
    "meta": 1604128363368,
    "relativePath": "Texture/standalone/tile5.png"
  },
  "727e30c0-0082-460d-a0c0-cbb2274434ba": {
    "asset": 1600932818271,
    "meta": 1604128363382,
    "relativePath": "Texture/standalone/tile6.png"
  },
  "d9ffebec-4db2-4967-90c5-f7bc7bb1f2c0": {
    "asset": 1600932818280,
    "meta": 1604128363396,
    "relativePath": "Texture/star.png"
  },
  "8da216fe-a798-4057-8161-9ed1e7fe4fdf": {
    "asset": 1600932818286,
    "meta": 1604128363397,
    "relativePath": "Texture/wall.png"
  },
  "6fbdff1a-61d1-4c79-8254-ecfdee06de03": {
    "asset": 1604130757187,
    "meta": 1604130757192,
    "relativePath": "Scene/loading.fire"
  },
  "d2d9fd26-2778-4da9-be65-d6fa7741c168": {
    "asset": 1604283185222,
    "meta": 1604284061605,
    "relativePath": "material"
  },
  "3d3c60b9-3dce-47ec-8b44-169380e7ca4d": {
    "asset": 1604128588909,
    "meta": 1604128588940,
    "relativePath": "material/gray-effect.effect"
  },
  "6a843a7b-b144-49a0-90fe-817909dd6a63": {
    "asset": 1604128588909,
    "meta": 1604128588978,
    "relativePath": "material/gray.mtl"
  },
  "1456315a-b010-41df-88b9-93c7b06a4684": {
    "asset": 1604128588909,
    "meta": 1604128588964,
    "relativePath": "material/OT.effect"
  },
  "9398a2c3-77a2-4d2f-b18a-4cce4b0de034": {
    "asset": 1604130247989,
    "meta": 1604130247997,
    "relativePath": "material/loading.mtl"
  },
  "afdfdc0f-9d87-4eae-a188-67018f27d7b5": {
    "asset": 1604128588910,
    "meta": 1604128588975,
    "relativePath": "material/triangle.effect"
  },
  "529c2e7e-9bb6-4c13-ba82-590d7fcf2ade": {
    "asset": 1604128588909,
    "meta": 1604128588979,
    "relativePath": "material/OT.mtl"
  },
  "491b1573-7951-4e5c-8e4b-3bab48bac2b9": {
    "asset": 1604128588910,
    "meta": 1604128588980,
    "relativePath": "material/triangle.mtl"
  },
  "50f17f7d-d40c-4dc7-a963-47a2e8beb074": {
    "asset": 1604129441632,
    "meta": 1604129447394,
    "relativePath": "Scripts/Helloworld.ts"
  },
  "71190195-e56a-4ea2-af73-2456d889f3e9": {
    "asset": 1604130350792,
    "meta": 1604130353037,
    "relativePath": "material/loading.effect"
  },
  "95d291da-cfc0-448b-8215-312746f701fa": {
    "asset": 1604202237878,
    "meta": 1604202237888,
    "relativePath": "material/New Effect.effect"
  },
  "9836134e-b892-4283-b6b2-78b5acf3ed45": {
    "asset": 1595474818000,
    "meta": 1604281715445,
    "relativePath": "effects"
  },
  "430eccbf-bf2c-4e6e-8c0c-884bbb487f32": {
    "asset": 1595474818000,
    "meta": 1604281715484,
    "relativePath": "effects/__builtin-editor-gizmo-line.effect"
  },
  "6c5cf6e1-b044-4eac-9431-835644d57381": {
    "asset": 1595474818000,
    "meta": 1604281715495,
    "relativePath": "effects/__builtin-editor-gizmo-unlit.effect"
  },
  "115286d1-2e10-49ee-aab4-341583f607e8": {
    "asset": 1595474818000,
    "meta": 1604281715525,
    "relativePath": "effects/__builtin-editor-gizmo.effect"
  },
  "abc2cb62-7852-4525-a90d-d474487b88f2": {
    "asset": 1595474818000,
    "meta": 1604281715604,
    "relativePath": "effects/builtin-phong.effect"
  },
  "e2f00085-c597-422d-9759-52c360279106": {
    "asset": 1595474818000,
    "meta": 1604281715661,
    "relativePath": "effects/builtin-toon.effect"
  },
  "f8e6b000-5643-4b86-9080-aa680ce1f599": {
    "asset": 1595474818000,
    "meta": 1604281715662,
    "relativePath": "image"
  },
  "71561142-4c83-4933-afca-cb7a17f67053": {
    "asset": 1595474818000,
    "meta": 1604281715681,
    "relativePath": "image/default_btn_disabled.png"
  },
  "e851e89b-faa2-4484-bea6-5c01dd9f06e2": {
    "asset": 1595474818000,
    "meta": 1604281715683,
    "relativePath": "image/default_btn_normal.png"
  },
  "b43ff3c2-02bb-4874-81f7-f2dea6970f18": {
    "asset": 1595474818000,
    "meta": 1604281715694,
    "relativePath": "image/default_btn_pressed.png"
  },
  "edd215b9-2796-4a05-aaf5-81f96c9281ce": {
    "asset": 1595474818000,
    "meta": 1604281715695,
    "relativePath": "image/default_editbox_bg.png"
  },
  "d81ec8ad-247c-4e62-aa3c-d35c4193c7af": {
    "asset": 1595474818000,
    "meta": 1604281715706,
    "relativePath": "image/default_panel.png"
  },
  "99170b0b-d210-46f1-b213-7d9e3f23098a": {
    "asset": 1595474818000,
    "meta": 1604281715707,
    "relativePath": "image/default_progressbar_bg.png"
  },
  "cfef78f1-c8df-49b7-8ed0-4c953ace2621": {
    "asset": 1595474818000,
    "meta": 1604281715718,
    "relativePath": "image/default_progressbar.png"
  },
  "567dcd80-8bf4-4535-8a5a-313f1caf078a": {
    "asset": 1595474818000,
    "meta": 1604281715719,
    "relativePath": "image/default_radio_button_off.png"
  },
  "9d60001f-b5f4-4726-a629-2659e3ded0b8": {
    "asset": 1595474818000,
    "meta": 1604281715732,
    "relativePath": "image/default_radio_button_on.png"
  },
  "4bab67cb-18e6-4099-b840-355f0473f890": {
    "asset": 1595474818000,
    "meta": 1604281715731,
    "relativePath": "image/default_scrollbar_bg.png"
  },
  "617323dd-11f4-4dd3-8eec-0caf6b3b45b9": {
    "asset": 1595474818000,
    "meta": 1604281715745,
    "relativePath": "image/default_scrollbar_vertical_bg.png"
  },
  "d6d3ca85-4681-47c1-b5dd-d036a9d39ea2": {
    "asset": 1595474818000,
    "meta": 1604281715743,
    "relativePath": "image/default_scrollbar_vertical.png"
  },
  "0291c134-b3da-4098-b7b5-e397edbe947f": {
    "asset": 1595474818000,
    "meta": 1604281715756,
    "relativePath": "image/default_scrollbar.png"
  },
  "0275e94c-56a7-410f-bd1a-fc7483f7d14a": {
    "asset": 1595474818000,
    "meta": 1604281715759,
    "relativePath": "image/default_sprite_splash.png"
  },
  "73a0903d-d80e-4e3c-aa67-f999543c08f5": {
    "asset": 1595474818000,
    "meta": 1604281715783,
    "relativePath": "image/default_toggle_checkmark.png"
  },
  "6e056173-d285-473c-b206-40a7fff5386e": {
    "asset": 1595474818000,
    "meta": 1604281715784,
    "relativePath": "image/default_sprite.png"
  },
  "d29077ba-1627-4a72-9579-7b56a235340c": {
    "asset": 1595474818000,
    "meta": 1604281715802,
    "relativePath": "image/default_toggle_normal.png"
  },
  "c25b9d50-c8fc-4d27-beeb-6e7c1f2e5c0f": {
    "asset": 1595474818000,
    "meta": 1604281715801,
    "relativePath": "image/default_toggle_disabled.png"
  },
  "b181c1e4-0a72-4a91-bfb0-ae6f36ca60bd": {
    "asset": 1595474818000,
    "meta": 1604281715822,
    "relativePath": "image/default_toggle_pressed.png"
  },
  "5c3eedba-6c41-4c0c-9ba7-d91f813cbd1c": {
    "asset": 1595474818000,
    "meta": 1604281715823,
    "relativePath": "materials"
  },
  "c4480a0a-6ac5-443f-8b40-361a14257fc8": {
    "asset": 1595474818000,
    "meta": 1604281716288,
    "relativePath": "materials/builtin-phong.mtl"
  },
  "fc09f9bd-2cce-4605-b630-8145ef809ed6": {
    "asset": 1595474818000,
    "meta": 1604281715828,
    "relativePath": "misc"
  },
  "2be36297-9abb-4fee-8049-9ed5e271da8a": {
    "asset": 1595474818000,
    "meta": 1604281715832,
    "relativePath": "misc/default_video.mp4"
  },
  "db019bf7-f71c-4111-98cf-918ea180cb48": {
    "asset": 1595474818000,
    "meta": 1604281715833,
    "relativePath": "model"
  },
  "e39e96e6-6f6e-413f-bcf1-ac7679bb648a": {
    "asset": 1595474818000,
    "meta": 1604281715834,
    "relativePath": "model/prefab"
  },
  "a87cc147-01b2-43f8-8e42-a7ca90b0c757": {
    "asset": 1604281715837,
    "meta": 1604281715838,
    "relativePath": "model/prefab/box.prefab"
  },
  "fe1417b6-fe6b-46a4-ae7c-9fd331f33a2a": {
    "asset": 1604281715841,
    "meta": 1604281715842,
    "relativePath": "model/prefab/capsule.prefab"
  },
  "b5fc2cf2-7942-483d-be1f-bbeadc4714ad": {
    "asset": 1604281715846,
    "meta": 1604281715846,
    "relativePath": "model/prefab/cone.prefab"
  },
  "1c5e4038-953a-44c2-b620-0bbfc6170477": {
    "asset": 1604281715848,
    "meta": 1604281715848,
    "relativePath": "model/prefab/cylinder.prefab"
  },
  "3f376125-a699-40ca-ad05-04d662eaa1f2": {
    "asset": 1604281715850,
    "meta": 1604281715851,
    "relativePath": "model/prefab/plane.prefab"
  },
  "6c9ef10d-b479-420b-bfe6-39cdda6a8ae0": {
    "asset": 1604281715852,
    "meta": 1604281715853,
    "relativePath": "model/prefab/quad.prefab"
  },
  "2d9a4b85-b0ab-4c46-84c5-18f393ab2058": {
    "asset": 1604281715894,
    "meta": 1604281715895,
    "relativePath": "model/prefab/sphere.prefab"
  },
  "600301aa-3357-4a10-b086-84f011fa32ba": {
    "asset": 1595474818000,
    "meta": 1604281715844,
    "relativePath": "image/default-particle.png"
  },
  "de510076-056b-484f-b94c-83bef217d0e1": {
    "asset": 1604281715854,
    "meta": 1604281715855,
    "relativePath": "model/prefab/torus.prefab"
  },
  "f6e6dd15-71d1-4ffe-ace7-24fd39942c05": {
    "asset": 1595474818000,
    "meta": 1604281715896,
    "relativePath": "obsolete"
  },
  "8a96b965-2dc0-4e03-aa90-3b79cb93b5b4": {
    "asset": 1595474818000,
    "meta": 1604281715908,
    "relativePath": "obsolete/atom.png"
  },
  "f743d2b6-b7ea-4c14-a55b-547ed4d0a045": {
    "asset": 1595474818000,
    "meta": 1604281715908,
    "relativePath": "particle"
  },
  "b8223619-7e38-47c4-841f-9160c232495a": {
    "asset": 1595474818000,
    "meta": 1604281716307,
    "relativePath": "obsolete/atom.plist"
  },
  "d0a82d39-bede-46c4-b698-c81ff0dedfff": {
    "asset": 1595474818000,
    "meta": 1604281715917,
    "relativePath": "particle/atom.png"
  },
  "ae6c6c98-11e4-452f-8758-75f5c6a56e83": {
    "asset": 1595474818000,
    "meta": 1604281715918,
    "relativePath": "prefab"
  },
  "897ef7a1-4860-4f64-968d-f5924b18668a": {
    "asset": 1604281715919,
    "meta": 1604281715920,
    "relativePath": "prefab/2d-camera.prefab"
  },
  "b2687ac4-099e-403c-a192-ff477686f4f5": {
    "asset": 1595474818000,
    "meta": 1604281716308,
    "relativePath": "particle/atom.plist"
  },
  "70d7cdb0-04cd-41bb-9480-c06a4785f386": {
    "asset": 1604281715921,
    "meta": 1604281715922,
    "relativePath": "prefab/3d-camera.prefab"
  },
  "70bbeb73-6dc2-4ee4-8faf-76b3a0e34ec4": {
    "asset": 1604281715924,
    "meta": 1604281715925,
    "relativePath": "prefab/3d-particle.prefab"
  },
  "ed88f13d-fcad-4848-aa35-65a2cb973584": {
    "asset": 1604281715927,
    "meta": 1604281715927,
    "relativePath": "prefab/3d-stage.prefab"
  },
  "972b9a4d-47ee-4c74-b5c3-61d8a69bc29f": {
    "asset": 1604281715929,
    "meta": 1604281715929,
    "relativePath": "prefab/button.prefab"
  },
  "2c937608-2562-40ea-b264-7395df6f0cea": {
    "asset": 1604281715931,
    "meta": 1604281715931,
    "relativePath": "prefab/canvas.prefab"
  },
  "61aeb05b-3b32-452b-8eed-2b76deeed554": {
    "asset": 1604281715933,
    "meta": 1604281715934,
    "relativePath": "prefab/editbox.prefab"
  },
  "27756ebb-3d33-44b0-9b96-e858fadd4dd4": {
    "asset": 1604281715935,
    "meta": 1604281715935,
    "relativePath": "prefab/label.prefab"
  },
  "785a442c-3ceb-45be-a46e-7317f625f3b9": {
    "asset": 1604281715937,
    "meta": 1604281715937,
    "relativePath": "prefab/layout.prefab"
  },
  "a3ee0214-b432-4865-9666-4a3211814282": {
    "asset": 1595474818000,
    "meta": 1604281715938,
    "relativePath": "prefab/light"
  },
  "61906da3-7003-4bda-9abc-5769c76faee4": {
    "asset": 1604281715939,
    "meta": 1604281715940,
    "relativePath": "prefab/light/ambient.prefab"
  },
  "ddb99b39-7004-47cd-9705-751905c43c46": {
    "asset": 1604281715941,
    "meta": 1604281715942,
    "relativePath": "prefab/light/directional.prefab"
  },
  "0cf30284-9073-46bc-9eba-e62b69dbbff3": {
    "asset": 1604281715943,
    "meta": 1604281715943,
    "relativePath": "prefab/light/point.prefab"
  },
  "f5331fd2-bf42-4ee3-a3fd-3e1657600eff": {
    "asset": 1604281715945,
    "meta": 1604281715945,
    "relativePath": "prefab/light/spot.prefab"
  },
  "ca8401fe-ad6e-41a8-bd46-8e3e4e9945be": {
    "asset": 1604281715948,
    "meta": 1604281715949,
    "relativePath": "prefab/pageview.prefab"
  },
  "cd33edea-55f5-46c2-958d-357a01384a36": {
    "asset": 1604281715950,
    "meta": 1604281715951,
    "relativePath": "prefab/particlesystem.prefab"
  },
  "5965ffac-69da-4b55-bcde-9225d0613c28": {
    "asset": 1604281715953,
    "meta": 1604281715953,
    "relativePath": "prefab/progressBar.prefab"
  },
  "4a37dd57-78cd-4cec-aad4-f11a73d12b63": {
    "asset": 1604281715955,
    "meta": 1604281715955,
    "relativePath": "prefab/richtext.prefab"
  },
  "32044bd2-481f-4cf1-a656-e2b2fb1594eb": {
    "asset": 1604281715957,
    "meta": 1604281715958,
    "relativePath": "prefab/scrollview.prefab"
  },
  "0004d1cf-a0ad-47d8-ab17-34d3db9d35a3": {
    "asset": 1604281715959,
    "meta": 1604281715960,
    "relativePath": "prefab/slider.prefab"
  },
  "1f55e3be-b89b-4b79-88de-47fd31018044": {
    "asset": 1604281715961,
    "meta": 1604281715962,
    "relativePath": "prefab/sprite_splash.prefab"
  },
  "96083d03-c332-4a3f-9386-d03e2d19e8ee": {
    "asset": 1604281715963,
    "meta": 1604281715963,
    "relativePath": "prefab/sprite.prefab"
  },
  "7de03a80-4457-438d-95a7-3e7cdffd6086": {
    "asset": 1604281715965,
    "meta": 1604281715965,
    "relativePath": "prefab/tiledmap.prefab"
  },
  "0e42ba95-1fa1-46aa-b2cf-143cd1bcee2c": {
    "asset": 1604281715966,
    "meta": 1604281715967,
    "relativePath": "prefab/tiledtile.prefab"
  },
  "0d784963-d024-4ea6-a7db-03be0ad63010": {
    "asset": 1604281715968,
    "meta": 1604281715969,
    "relativePath": "prefab/toggle.prefab"
  },
  "bf0a434c-84dd-4a8e-a08a-7a36f180cc75": {
    "asset": 1604281715971,
    "meta": 1604281715971,
    "relativePath": "prefab/toggleContainer.prefab"
  },
  "d1b8be49-b0a0-435c-83b7-552bed4bbe35": {
    "asset": 1604281715977,
    "meta": 1604281715978,
    "relativePath": "prefab/toggleGroup.prefab"
  },
  "232d2782-c4bd-4bb4-9e01-909f03d6d3b9": {
    "asset": 1604281715979,
    "meta": 1604281715980,
    "relativePath": "prefab/videoplayer.prefab"
  },
  "8c5001fd-07ee-4a4b-a8a0-63e15195e94d": {
    "asset": 1604281715983,
    "meta": 1604281715983,
    "relativePath": "prefab/webview.prefab"
  },
  "d8afc78c-4eac-4a9f-83dd-67bc70344d33": {
    "asset": 1595474818000,
    "meta": 1604281715984,
    "relativePath": "resources"
  },
  "294c1663-4adf-4a1e-a795-53808011a38a": {
    "asset": 1595474818000,
    "meta": 1604281715985,
    "relativePath": "resources/effects"
  },
  "30682f87-9f0d-4f17-8a44-72863791461b": {
    "asset": 1595474818000,
    "meta": 1604281715995,
    "relativePath": "resources/effects/builtin-2d-graphics.effect"
  },
  "144c3297-af63-49e8-b8ef-1cfa29b3be28": {
    "asset": 1595474818000,
    "meta": 1604281716006,
    "relativePath": "resources/effects/builtin-2d-gray-sprite.effect"
  },
  "f18742d7-56d2-4eb5-ae49-2d9d710b37c8": {
    "asset": 1595474818000,
    "meta": 1604281716018,
    "relativePath": "resources/effects/builtin-2d-label.effect"
  },
  "0e93aeaa-0b53-4e40-b8e0-6268b4e07bd7": {
    "asset": 1595474818000,
    "meta": 1604281716032,
    "relativePath": "resources/effects/builtin-2d-spine.effect"
  },
  "2874f8dd-416c-4440-81b7-555975426e93": {
    "asset": 1595474818000,
    "meta": 1604281716040,
    "relativePath": "resources/effects/builtin-2d-sprite.effect"
  },
  "829a282c-b049-4019-bd38-5ace8d8a6417": {
    "asset": 1595474818000,
    "meta": 1604281716129,
    "relativePath": "resources/effects/builtin-3d-particle.effect"
  },
  "2a7c0036-e0b3-4fe1-8998-89a54b8a2bec": {
    "asset": 1595474818000,
    "meta": 1604281716164,
    "relativePath": "resources/effects/builtin-3d-trail.effect"
  },
  "c0040c95-c57f-49cd-9cbc-12316b73d0d4": {
    "asset": 1595474818000,
    "meta": 1604281716175,
    "relativePath": "resources/effects/builtin-clear-stencil.effect"
  },
  "6d91e591-4ce0-465c-809f-610ec95019c6": {
    "asset": 1595474818000,
    "meta": 1604281716212,
    "relativePath": "resources/effects/builtin-unlit.effect"
  },
  "bbee2217-c261-49bd-a8ce-708d6bcc3500": {
    "asset": 1595474818000,
    "meta": 1604281716213,
    "relativePath": "resources/materials"
  },
  "6f801092-0c37-4f30-89ef-c8d960825b36": {
    "asset": 1595474818000,
    "meta": 1604281716321,
    "relativePath": "resources/materials/builtin-2d-base.mtl"
  },
  "a153945d-2511-4c14-be7b-05d242f47d57": {
    "asset": 1595474818000,
    "meta": 1604281716322,
    "relativePath": "resources/materials/builtin-2d-graphics.mtl"
  },
  "3a7bb79f-32fd-422e-ada2-96f518fed422": {
    "asset": 1595474818000,
    "meta": 1604281716322,
    "relativePath": "resources/materials/builtin-2d-gray-sprite.mtl"
  },
  "e02d87d4-e599-4d16-8001-e14891ac6506": {
    "asset": 1595474818000,
    "meta": 1604281716323,
    "relativePath": "resources/materials/builtin-2d-label.mtl"
  },
  "7afd064b-113f-480e-b793-8817d19f63c3": {
    "asset": 1595474818000,
    "meta": 1604281716324,
    "relativePath": "resources/materials/builtin-2d-spine.mtl"
  },
  "eca5d2f2-8ef6-41c2-bbe6-f9c79d09c432": {
    "asset": 1595474818000,
    "meta": 1604281716325,
    "relativePath": "resources/materials/builtin-2d-sprite.mtl"
  },
  "432fa09c-cf03-4cff-a186-982604408a07": {
    "asset": 1595474818000,
    "meta": 1604281716327,
    "relativePath": "resources/materials/builtin-3d-particle.mtl"
  },
  "cf7e0bb8-a81c-44a9-ad79-d28d43991032": {
    "asset": 1595474818000,
    "meta": 1604281716328,
    "relativePath": "resources/materials/builtin-clear-stencil.mtl"
  },
  "466d4f9b-e5f4-4ea8-85d5-3c6e9a65658a": {
    "asset": 1595474818000,
    "meta": 1604281716328,
    "relativePath": "resources/materials/builtin-3d-trail.mtl"
  },
  "2a296057-247c-4a1c-bbeb-0548b6c98650": {
    "asset": 1595474818000,
    "meta": 1604281716329,
    "relativePath": "resources/materials/builtin-unlit.mtl"
  },
  "954fec8b-cd16-4bb9-a3b7-7719660e7558": {
    "asset": 1595474818000,
    "meta": 1604281718479,
    "relativePath": "model/primitives.fbx"
  },
  "df941220-4be8-43f3-9c74-0fedd97b984c": {
    "asset": 1604283185196,
    "meta": 1604283185223,
    "relativePath": "material/New Effect - 001.effect"
  }
}