{
  "__type__": "cc.EffectAsset",
  "_name": "SpriteMaskedAvatar",
  "_objFlags": 0,
  "_native": "",
  "properties": null,
  "techniques": [
    {
      "passes": [
        {
          "blendState": {
            "targets": [
              {
                "blend": true
              }
            ]
          },
          "rasterizerState": {
            "cullMode": 0
          },
          "properties": {
            "texture": {
              "value": "white",
              "type": 29
            },
            "mask": {
              "value": "white",
              "type": 29
            },
            "alphaThreshold": {
              "value": [
                0.5
              ],
              "type": 13
            }
          },
          "program": "SpriteMaskedAvatar|vs|fs"
        }
      ]
    }
  ],
  "shaders": [
    {
      "hash": 1430256705,
      "glsl3": {
        "vert": "\nprecision highp float;\nuniform CCGlobal {\n  mat4 cc_matView;\n  mat4 cc_matViewInv;\n  mat4 cc_matProj;\n  mat4 cc_matProjInv;\n  mat4 cc_matViewProj;\n  mat4 cc_matViewProjInv;\n  vec4 cc_cameraPos;\n  vec4 cc_time;\n  mediump vec4 cc_screenSize;\n  mediump vec4 cc_screenScale;\n};\nuniform CCLocal {\n  mat4 cc_matWorld;\n  mat4 cc_matWorldIT;\n};\nin vec3 a_position;\nin vec2 a_mask_uv;\nin vec2 a_uv0;\nout vec2 v_uv0;\nout vec2 v_mask_uv;\nvoid main () {\n  vec4 pos = vec4(a_position, 1);\n  pos = cc_matViewProj * pos;\n  v_uv0 = a_uv0;\n  v_mask_uv = a_mask_uv;\n  gl_Position = pos;\n}",
        "frag": "\nprecision highp float;\n#if USE_ALPHA_TEST\n  uniform ALPHA_TEST {\n    float alphaThreshold;\n  };\n#endif\nuniform CCGlobal {\n  mat4 cc_matView;\n  mat4 cc_matViewInv;\n  mat4 cc_matProj;\n  mat4 cc_matProjInv;\n  mat4 cc_matViewProj;\n  mat4 cc_matViewProjInv;\n  vec4 cc_cameraPos;\n  vec4 cc_time;\n  mediump vec4 cc_screenSize;\n  mediump vec4 cc_screenScale;\n};\nuniform CCLocal {\n  mat4 cc_matWorld;\n  mat4 cc_matWorldIT;\n};\nin vec2 v_uv0;\nuniform sampler2D texture;\nin vec2 v_mask_uv;\nuniform sampler2D mask;\nuniform UARGS {\n  float enableMask;\n};\nvoid main () {\n  vec4 col = texture(texture, v_uv0);\n  vec4 maskCol = texture(mask, v_mask_uv);\n  col.a = mix(col.a, maskCol.a, enableMask);\n  gl_FragColor = col;\n}"
      },
      "glsl1": {
        "vert": "\nprecision highp float;\nuniform mat4 cc_matViewProj;\nattribute vec3 a_position;\nattribute vec2 a_mask_uv;\nattribute vec2 a_uv0;\nvarying vec2 v_uv0;\nvarying vec2 v_mask_uv;\nvoid main () {\n  vec4 pos = vec4(a_position, 1);\n  pos = cc_matViewProj * pos;\n  v_uv0 = a_uv0;\n  v_mask_uv = a_mask_uv;\n  gl_Position = pos;\n}",
        "frag": "\nprecision highp float;\n#if USE_ALPHA_TEST\n#endif\nvarying vec2 v_uv0;\nuniform sampler2D texture;\nvarying vec2 v_mask_uv;\nuniform sampler2D mask;\nuniform float enableMask;\nvoid main () {\n  vec4 col = texture2D(texture, v_uv0);\n  vec4 maskCol = texture2D(mask, v_mask_uv);\n  col.a = mix(col.a, maskCol.a, enableMask);\n  gl_FragColor = col;\n}"
      },
      "builtins": {
        "globals": {
          "blocks": [
            {
              "name": "CCGlobal",
              "defines": []
            }
          ],
          "samplers": []
        },
        "locals": {
          "blocks": [
            {
              "name": "CCLocal",
              "defines": []
            }
          ],
          "samplers": []
        }
      },
      "defines": [
        {
          "name": "USE_ALPHA_TEST",
          "type": "boolean",
          "defines": []
        }
      ],
      "blocks": [
        {
          "name": "ALPHA_TEST",
          "members": [
            {
              "name": "alphaThreshold",
              "type": 13,
              "count": 1
            }
          ],
          "defines": [
            "USE_ALPHA_TEST"
          ],
          "binding": 0
        },
        {
          "name": "UARGS",
          "members": [
            {
              "name": "enableMask",
              "type": 13,
              "count": 1
            }
          ],
          "defines": [],
          "binding": 1
        }
      ],
      "samplers": [
        {
          "name": "texture",
          "type": 29,
          "count": 1,
          "defines": [],
          "binding": 30
        },
        {
          "name": "mask",
          "type": 29,
          "count": 1,
          "defines": [],
          "binding": 31
        }
      ],
      "record": null,
      "name": "SpriteMaskedAvatar|vs|fs"
    }
  ]
}