{
  "__type__": "cc.EffectAsset",
  "_name": "Tiled",
  "_objFlags": 0,
  "_native": "",
  "properties": null,
  "techniques": [
    {
      "passes": [
        {
          "blendState": {
            "targets": [
              {
                "blend": true
              }
            ]
          },
          "rasterizerState": {
            "cullMode": 0
          },
          "properties": {
            "texture": {
              "value": "white",
              "type": 29
            },
            "alphaThreshold": {
              "value": [
                0.5
              ],
              "type": 13
            }
          },
          "program": "Tiled|vs|fs"
        }
      ]
    }
  ],
  "shaders": [
    {
      "hash": 4094547467,
      "glsl3": {
        "vert": "\nprecision highp float;\nuniform CCGlobal {\n  mat4 cc_matView;\n  mat4 cc_matViewInv;\n  mat4 cc_matProj;\n  mat4 cc_matProjInv;\n  mat4 cc_matViewProj;\n  mat4 cc_matViewProjInv;\n  vec4 cc_cameraPos;\n  vec4 cc_time;\n  mediump vec4 cc_screenSize;\n  mediump vec4 cc_screenScale;\n};\nuniform CCLocal {\n  mat4 cc_matWorld;\n  mat4 cc_matWorldIT;\n};\nin vec3 a_position;\nin vec4 a_color;\nout vec4 v_color;\nin vec2 a_uv0;\nout vec2 v_uv0;\nvoid main () {\n  vec4 pos = vec4(a_position, 1);\n  pos = cc_matViewProj * pos;\n  v_uv0 = a_uv0;\n  v_color = a_color;\n  gl_Position = pos;\n}",
        "frag": "\nprecision highp float;\n#if USE_ALPHA_TEST\n  uniform ALPHA_TEST {\n    float alphaThreshold;\n  };\n#endif\nuniform CCGlobal {\n  mat4 cc_matView;\n  mat4 cc_matViewInv;\n  mat4 cc_matProj;\n  mat4 cc_matProjInv;\n  mat4 cc_matViewProj;\n  mat4 cc_matViewProjInv;\n  vec4 cc_cameraPos;\n  vec4 cc_time;\n  mediump vec4 cc_screenSize;\n  mediump vec4 cc_screenScale;\n};\nuniform CCLocal {\n  mat4 cc_matWorld;\n  mat4 cc_matWorldIT;\n};\nin vec4 v_color;\nin vec2 v_uv0;\nuniform sampler2D texture;\nconst vec2 repeat = vec2(2.5, 3.5);\nvoid main () {\n  vec2 grid_uv = fract(v_uv0 * repeat);\n  grid_uv.x = fract(grid_uv.x - cc_time.x * 0.2);\n  grid_uv.y = fract(grid_uv.y + sin(cc_time.x) * 0.1);\n  vec4 color = texture(texture, grid_uv);\n  gl_FragColor = color;\n}"
      },
      "glsl1": {
        "vert": "\nprecision highp float;\nuniform mat4 cc_matViewProj;\nattribute vec3 a_position;\nattribute vec4 a_color;\nvarying vec4 v_color;\nattribute vec2 a_uv0;\nvarying vec2 v_uv0;\nvoid main () {\n  vec4 pos = vec4(a_position, 1);\n  pos = cc_matViewProj * pos;\n  v_uv0 = a_uv0;\n  v_color = a_color;\n  gl_Position = pos;\n}",
        "frag": "\nprecision highp float;\n#if USE_ALPHA_TEST\n#endif\nuniform vec4 cc_time;\nvarying vec4 v_color;\nvarying vec2 v_uv0;\nuniform sampler2D texture;\nconst vec2 repeat = vec2(2.5, 3.5);\nvoid main () {\n  vec2 grid_uv = fract(v_uv0 * repeat);\n  grid_uv.x = fract(grid_uv.x - cc_time.x * 0.2);\n  grid_uv.y = fract(grid_uv.y + sin(cc_time.x) * 0.1);\n  vec4 color = texture2D(texture, grid_uv);\n  gl_FragColor = color;\n}"
      },
      "builtins": {
        "globals": {
          "blocks": [
            {
              "name": "CCGlobal",
              "defines": []
            }
          ],
          "samplers": []
        },
        "locals": {
          "blocks": [
            {
              "name": "CCLocal",
              "defines": []
            }
          ],
          "samplers": []
        }
      },
      "defines": [
        {
          "name": "USE_ALPHA_TEST",
          "type": "boolean",
          "defines": []
        }
      ],
      "blocks": [
        {
          "name": "ALPHA_TEST",
          "members": [
            {
              "name": "alphaThreshold",
              "type": 13,
              "count": 1
            }
          ],
          "defines": [
            "USE_ALPHA_TEST"
          ],
          "binding": 0
        }
      ],
      "samplers": [
        {
          "name": "texture",
          "type": 29,
          "count": 1,
          "defines": [],
          "binding": 30
        }
      ],
      "record": null,
      "name": "Tiled|vs|fs"
    }
  ]
}