{
  "version": "1.1.1",
  "windows": {
    "main": {
      "main": true,
      "url": "app://editor/index.html",
      "windowType": "dockable",
      "x": 0,
      "y": 23,
      "width": 1920,
      "height": 1106,
      "layout": {
        "children": [
          {
            "children": [
              {
                "active": 0,
                "children": [
                  "hierarchy"
                ],
                "height": 506,
                "type": "panel",
                "width": 336
              },
              {
                "active": 0,
                "children": [
                  "assets",
                  "cloud-function"
                ],
                "height": 515.984375,
                "type": "panel",
                "width": 336
              }
            ],
            "height": 1025,
            "type": "dock-v",
            "width": 336
          },
          {
            "children": [
              {
                "active": 0,
                "children": [
                  "scene"
                ],
                "height": 537,
                "type": "panel",
                "width": 1122
              },
              {
                "active": 0,
                "children": [
                  "console",
                  "timeline",
                  "game-window"
                ],
                "height": 485,
                "type": "panel",
                "width": 1122
              }
            ],
            "height": 1025,
            "type": "dock-v",
            "width": 1122
          },
          {
            "active": 0,
            "children": [
              "inspector",
              "cocos-services",
              "node-library"
            ],
            "height": 1025,
            "type": "panel",
            "width": 456
          }
        ],
        "type": "dock-h"
      },
      "panels": [
        "hierarchy",
        "assets",
        "cloud-function",
        "scene",
        "console",
        "timeline",
        "game-window",
        "inspector",
        "cocos-services",
        "node-library"
      ]
    }
  },
  "panels": {
    "project-settings": {
      "x": 680,
      "y": 294,
      "width": 584,
      "height": 548
    }
  },
  "panelLabelWidth": {
    "inspector": null,
    "project-settings": null
  }
}
