{
  "__type__": "cc.SpriteAtlas",
  "_name": "letters.plist",
  "_objFlags": 0,
  "_native": "",
  "_spriteFrames": {
    "branca-0": {
      "__uuid__": "c811661d-ca77-418f-acae-5223a1b00860"
    },
    "branca-1": {
      "__uuid__": "1e37f9b4-7296-46ac-a812-7f97a6565a43"
    },
    "branca-10": {
      "__uuid__": "5f02cc87-a21c-4a8f-8678-845a7187fc2c"
    },
    "branca-11": {
      "__uuid__": "e91fdc93-e39a-4f64-bf3d-c4a1243a3b48"
    },
    "branca-12": {
      "__uuid__": "5f260e30-116e-4923-af02-3ec46767dc1d"
    },
    "branca-13": {
      "__uuid__": "4d56ddf6-0b8e-4c42-9053-cdd5cde5773f"
    },
    "branca-14": {
      "__uuid__": "2ecfad3c-cb89-47d3-8cbc-4993652cdc78"
    },
    "branca-15": {
      "__uuid__": "d18b83b4-27ee-411e-851a-7b65a95805ad"
    },
    "branca-16": {
      "__uuid__": "58b3c8cc-1f84-4aeb-937f-55b9c8c323e6"
    },
    "branca-17": {
      "__uuid__": "ff895f34-2e54-4813-a772-f4c2e1c8d629"
    },
    "branca-18": {
      "__uuid__": "a6b0a263-e01b-4979-8811-6b02fafeb0f7"
    },
    "branca-19": {
      "__uuid__": "845331ee-2ba6-46c6-865b-d71cea89b7a0"
    },
    "branca-2": {
      "__uuid__": "e4f92e31-aec8-49fb-8803-4ad3458aa3e5"
    },
    "branca-20": {
      "__uuid__": "502078d6-f24c-4daf-be56-3408ffb34bce"
    },
    "branca-21": {
      "__uuid__": "86d365f5-ced5-4624-9d9e-27ea8105493e"
    },
    "branca-22": {
      "__uuid__": "2fd224cc-f952-4f6f-ad73-3c2aae33c4b4"
    },
    "branca-23": {
      "__uuid__": "8bfa3846-0e38-458a-8c82-a2ac46792a75"
    },
    "branca-24": {
      "__uuid__": "51a8a93c-257a-44b0-ae0a-9cfe09387bea"
    },
    "branca-25": {
      "__uuid__": "cfd6adb5-b5fd-4a5b-bff3-deb8910a159d"
    },
    "branca-26": {
      "__uuid__": "f108bd10-2c22-4ce3-bf68-c1e4f250a6a5"
    },
    "branca-27": {
      "__uuid__": "8659f8c7-c842-4577-b855-127deeb7e4ff"
    },
    "branca-28": {
      "__uuid__": "20b85627-800d-425b-a086-06a7b5d69e23"
    },
    "branca-29": {
      "__uuid__": "b2b4928f-3ad9-416d-9122-4188133b4eea"
    },
    "branca-3": {
      "__uuid__": "b4c8695a-87e3-4d4c-8959-36314b042dc5"
    },
    "branca-30": {
      "__uuid__": "1c6ae756-834d-4f61-95fc-df3c7f4dbe00"
    },
    "branca-31": {
      "__uuid__": "a8d63a9b-5f70-4640-96cd-3007abac97e9"
    },
    "branca-32": {
      "__uuid__": "5bccd20b-049c-4655-bb1a-07fac2c0e161"
    },
    "branca-33": {
      "__uuid__": "529350da-7f8e-4b04-a697-22ad76246eae"
    },
    "branca-34": {
      "__uuid__": "1ae78cf7-046f-4fac-b2d3-246d2c78beac"
    },
    "branca-35": {
      "__uuid__": "52bb47d9-c02f-4bc4-b5ba-7b5ac4157311"
    },
    "branca-36": {
      "__uuid__": "776f08bb-e77f-4939-b29a-b4bcf651b134"
    },
    "branca-37": {
      "__uuid__": "90939116-d464-4fcf-8cc6-5f3a681af580"
    },
    "branca-38": {
      "__uuid__": "f033af9b-3fdb-4064-8b30-d0a5364de54d"
    },
    "branca-39": {
      "__uuid__": "4438cc8d-77c7-44bb-aabb-6de6e399ec2c"
    },
    "branca-4": {
      "__uuid__": "1ea57158-881f-4267-98f1-0206d15ff8b3"
    },
    "branca-40": {
      "__uuid__": "73acae6a-caa7-4c6b-b4f3-f3f815962067"
    },
    "branca-41": {
      "__uuid__": "2e8f6cbd-0bd7-4b00-873a-96f14be74fcf"
    },
    "branca-42": {
      "__uuid__": "e19ddfe2-66fc-4a07-907a-6e70160979a0"
    },
    "branca-5": {
      "__uuid__": "b132a0e4-5cf9-4bb2-b187-3bb88710fe53"
    },
    "branca-6": {
      "__uuid__": "d851d531-6376-45e5-b48d-28f87fa33bd3"
    },
    "branca-7": {
      "__uuid__": "f790f3b5-db42-459d-8556-2a13c60d2df2"
    },
    "branca-8": {
      "__uuid__": "2a284916-88aa-40fe-9782-c3b52e7f585a"
    },
    "branca-9": {
      "__uuid__": "2c60c5dd-ef59-4137-b448-b879583cf053"
    }
  }
}