{
  "__type__": "cc.SpriteAtlas",
  "_name": "numbers.plist",
  "_objFlags": 0,
  "_native": "",
  "_spriteFrames": {
    "numbers-0": {
      "__uuid__": "ea358df8-2833-44ab-81b5-d0389f2afe5d"
    },
    "numbers-1": {
      "__uuid__": "2bbdfed6-2ae2-45d3-af78-838954656336"
    },
    "numbers-2": {
      "__uuid__": "9599005e-3ca5-4ed8-a319-030e0c77a0be"
    },
    "numbers-3": {
      "__uuid__": "bb1307fb-7185-4194-8f89-49de09cf2387"
    },
    "numbers-4": {
      "__uuid__": "083fc34d-bb55-4683-a5e5-6dfab1a8e06b"
    },
    "numbers-5": {
      "__uuid__": "e0b7fac2-d802-4b09-8568-12dbc404fe30"
    },
    "numbers-6": {
      "__uuid__": "58e48237-06c1-490d-b485-0429d9f85027"
    },
    "numbers-7": {
      "__uuid__": "69d09b0c-40cf-496d-92a6-c94e9e421f40"
    },
    "numbers-8": {
      "__uuid__": "f41b2284-4c45-45e9-ad7f-893998f57399"
    },
    "numbers-9": {
      "__uuid__": "154ebd82-9ee0-4fd9-bde6-4c056bb84836"
    }
  }
}